x1,x2,class
1.668442,1.821959,1
0.940758,0.998724,3
0.068981,1.236680,4
0.841678,1.586231,1
0.689783,0.202378,2
1.007887,1.309592,3
0.904922,1.342344,2
0.024074,1.986905,4
1.372209,0.896525,2
1.037638,1.960986,3
1.036045,0.309800,4
1.245279,1.587854,2
0.690088,1.991041,4
1.093956,1.740013,3
0.991722,0.895140,3
0.698133,0.166145,2
1.494630,1.057318,1
1.629476,1.780373,1
0.867235,1.478289,2
1.812471,1.932084,3
0.964932,1.732887,4
0.304292,0.608190,2
0.144333,1.637396,2
0.015373,1.170205,4
0.596434,0.156424,2
0.201011,1.757140,2
0.867695,1.009403,4
0.700488,0.969380,3
0.124132,0.653737,2
0.595139,0.729950,1
1.901538,1.024523,3
0.035499,0.340493,3
0.213691,1.617832,2
0.898282,0.824821,3
0.455852,0.179617,1
1.456159,1.426774,1
1.113029,0.436913,1
1.508332,1.215267,2
1.874479,0.183583,4
1.285474,0.791391,2
0.488561,1.745931,2
1.056605,0.432118,4
1.985468,1.862606,3
0.221101,1.731079,2
0.621388,0.755563,1
1.625152,1.703851,1
1.072416,1.275572,3
0.437440,0.346339,1
0.216860,0.352753,1
0.076092,1.406996,1
1.236187,0.163387,1
0.949260,1.741161,4
0.482990,1.572702,2
0.999002,1.529088,4
1.261262,0.138007,1
0.969169,0.878722,3
0.951848,0.866933,3
0.867470,0.093566,3
1.460919,0.677462,2
1.982815,0.600538,4
1.757508,0.257440,2
1.859479,1.303015,2
0.140286,1.223181,4
1.206931,0.018146,4
1.654504,1.804854,1
0.783461,1.090546,4
0.671413,1.512734,1
0.555087,0.236258,2
1.379405,1.503026,2
1.476074,0.599497,2
1.760838,0.764025,1
1.649547,0.551035,1
1.293424,1.950388,3
0.681308,1.670825,1
1.730762,1.296677,2
0.061317,0.352164,3
0.751916,1.415270,2
1.555114,1.535536,1
1.810053,1.046050,3
0.297604,0.285293,1
0.192486,1.098740,4
1.655501,0.337528,2
0.537412,0.442930,2
0.331171,1.882438,2
1.939311,0.596850,4
0.793939,1.635309,1
0.784697,1.858824,4
0.158615,1.437798,1
0.248716,0.196549,1
0.843952,0.042367,3
0.226702,1.080497,4
0.707059,1.272236,2
1.061578,1.257945,3
1.528007,1.807471,1
0.154684,0.556166,2
1.640075,0.781486,1
0.793323,0.605214,1
0.615523,0.083127,2
1.691733,1.279653,2
1.338873,1.237978,1
1.208786,0.474457,1
1.813897,1.852605,3
1.426403,1.595175,2
1.138618,1.509446,2
1.269999,1.740921,2
0.360782,0.808767,2
0.519935,1.160431,2
1.920103,0.427180,2
1.651885,1.387912,2
0.952773,1.222399,4
1.217677,0.397767,1
1.138526,1.461278,1
1.669211,1.158922,2
1.345940,0.067901,4
1.906740,0.813440,4
1.181676,0.657246,2
1.773542,1.126107,3
0.757181,1.480736,2
1.941652,1.219199,3
0.937481,1.307747,4
0.595417,0.528344,1
1.230497,1.215908,1
1.484057,0.472913,1
1.875978,0.196255,4
1.032155,0.860972,4
1.922844,1.923789,3
1.285376,1.743856,2
0.333381,1.964007,4
0.190579,0.499054,1
0.142601,0.289391,1
1.053331,1.603600,3
1.690225,0.248706,2
1.660017,0.770722,1
1.531753,0.002697,4
0.846317,1.290541,2
0.378123,0.046285,3
1.214820,0.789525,2
1.788854,1.875384,3
1.047368,1.557957,3
1.659519,1.775504,1
0.150829,1.615431,2
0.532343,1.844783,1
0.844089,0.590301,1
0.102377,1.288393,4
0.556789,1.243145,2
1.381427,0.609631,2
1.466181,1.792007,2
0.098424,0.153950,3
1.240946,1.911860,3
1.206921,1.519706,2
0.854243,0.489267,2
1.195178,1.212443,1
1.129403,0.082395,4
0.123447,0.942557,3
0.140537,0.952352,3
0.085829,1.787423,4
1.408719,0.248225,1
1.515196,1.626514,1
1.140999,1.918033,3
0.385474,1.571458,2
0.338667,1.625641,2
0.640572,1.958113,4
0.389363,1.203634,1
0.354537,1.580250,2
1.115220,0.973064,4
1.170488,1.162720,3
1.376849,1.648050,2
0.796530,1.919341,4
1.349022,1.807675,2
1.366574,0.913973,2
0.998598,1.354018,4
1.701355,1.405228,2
0.890334,1.995557,4
1.714085,1.478456,2
0.699074,0.176917,2
0.496646,1.898132,2
1.600372,1.596561,1
0.759526,0.236938,2
0.128524,1.712932,2
0.504671,0.731010,1
0.796401,1.024406,4
1.963742,0.075410,4
1.347029,1.206301,1
1.718951,0.587263,1
0.622593,1.429418,2
0.512053,0.466224,2
0.423033,0.519415,2
0.325115,1.449704,1
0.970268,0.505152,3
1.183484,1.240503,1
0.410687,0.227293,1
1.262332,1.152490,1
0.458623,0.528953,2
1.593160,1.206550,2
1.391403,0.573280,2
0.684696,0.951428,3
0.034049,0.623159,3
1.568312,0.729427,1
0.919449,0.835385,3
1.417814,0.438181,1
1.049610,0.424133,4
1.708757,0.998798,4
1.001980,0.237279,4
0.819408,1.785564,1
1.464670,1.009662,3
0.105954,1.063387,4
0.413648,1.934434,2
1.067351,1.956960,3
0.067080,1.662353,4
0.293030,0.369368,1
1.388317,0.544612,2
0.396595,1.135099,1
0.150007,1.442614,1
1.199785,1.902553,3
1.746586,1.675515,1
1.009167,0.088542,4
1.172762,0.523067,2
1.953494,0.310738,4
0.812138,0.568164,1
1.809675,0.406459,2
0.921899,1.272621,4
1.037134,1.524694,3
0.282474,1.908350,4
0.161337,1.360365,1
1.985182,0.460693,4
1.810116,0.447610,2
0.767358,0.226418,2
0.643687,0.391187,2
0.846968,0.671767,1
1.762235,0.377562,2
1.380559,1.334010,1
1.754934,0.715283,1
0.262390,0.491417,1
0.841562,0.168400,3
0.780979,1.172292,2
0.844847,0.613541,1
0.010364,1.045230,4
1.300528,0.587527,2
1.911876,1.981694,3
0.550702,1.805764,1
1.828270,0.350197,2
0.753314,0.478290,2
1.897810,0.595531,1
0.763997,1.586391,1
1.328568,1.125054,1
1.709248,0.448353,2
0.729328,1.914159,4
1.078664,0.539278,2
1.243378,0.244290,1
1.780591,0.470227,2
1.645883,1.325354,2
1.609154,0.382457,2
1.241454,0.665815,2
0.627094,1.485720,2
0.290757,0.040606,3
0.685945,1.210701,2
0.191330,1.933168,4
1.559697,0.503336,1
1.006786,0.631242,4
1.946636,1.783832,3
1.655506,1.389014,2
0.957414,0.298054,3
1.068608,0.038651,4
1.328723,1.442853,1
1.254055,0.959070,4
1.230609,1.383234,1
1.252911,1.952898,3
1.601829,1.311053,2
0.874366,1.889606,4
1.287326,0.495833,1
0.717768,1.373864,2
0.155084,1.156708,4
0.403346,0.673859,2
0.079467,0.642670,2
0.205049,1.659823,2
0.571185,0.694648,1
0.198833,1.376380,1
0.210496,1.996793,4
0.267834,1.551823,2
0.997041,1.773880,4
1.869029,0.490570,2
0.619624,0.061540,3
1.322234,0.078556,4
1.662050,0.345121,2
0.932154,1.800186,4
1.006944,0.654844,4
1.915915,0.164966,4
1.424785,0.183648,1
1.947211,1.266872,3
1.174867,0.264156,1
0.387678,0.980295,3
0.198450,1.736077,2
1.441426,0.699102,2
1.353721,0.410755,1
0.919826,0.497984,2
0.394178,1.152685,1
1.068446,0.472230,1
1.110845,0.680010,2
1.955305,1.903741,3
1.902858,1.216705,3
1.460253,0.209255,1
0.804076,0.151470,3
1.074341,0.227605,4
1.692085,0.475301,2
0.449415,1.118417,1
0.572970,0.772171,1
0.503869,1.452088,2
1.014556,1.101239,3
1.469742,0.026348,4
0.509556,0.203619,2
1.571754,1.054143,3
1.693633,0.112682,2
0.854030,0.941509,3
0.191666,0.302409,1
1.782321,0.926035,4
0.751500,1.698619,1
0.972033,0.606617,3
0.336926,1.484357,1
1.449901,1.108815,1
0.916432,0.093621,3
0.714980,1.099622,4
0.628599,0.552257,1
0.025769,0.299343,3
0.554547,1.576929,1
0.643037,0.855578,1
0.129325,1.916309,4
0.819164,1.157279,4
0.889902,1.103880,4
1.789504,0.366947,2
0.167279,0.594207,2
0.536538,0.140996,2
0.644415,0.352450,2
0.970843,1.174089,4
0.158857,1.422386,1
1.379682,0.885356,2
0.317982,1.521385,2
1.865836,1.039763,3
0.090058,0.960154,3
0.162069,0.280060,1
1.173714,0.143015,4
0.918900,0.248860,3
0.498418,1.570554,2
1.735749,0.495152,2
1.134694,1.610580,2
1.148531,0.546949,2
1.241236,0.890428,4
1.706354,0.618144,1
0.969703,1.338078,4
1.405787,0.383960,1
1.109163,0.669399,2
1.218950,1.876997,3
1.533518,1.179820,2
1.891381,1.238887,3
0.648898,1.898594,1
1.410410,1.638548,2
0.524425,0.171380,2
1.579459,0.421977,2
0.762011,1.318516,2
1.507872,0.149718,2
1.083415,1.124553,3
1.885276,1.621285,1
0.913646,1.738956,4
1.348622,0.658517,2
0.567144,0.307012,2
0.968292,0.856342,3
1.020378,0.152747,4
1.130645,1.556080,2
1.444496,1.140171,1
0.217647,1.291480,1
0.464072,1.837860,2
1.137174,0.548168,2
0.253987,0.968083,3
1.654297,0.263094,2
0.010835,0.271028,3
0.072244,0.843643,3
1.811383,0.541399,1
0.114217,1.196996,4
0.771847,0.359574,2
0.942865,1.624258,4
0.393721,0.001507,3
0.127924,1.525690,2
0.022304,1.177125,4
0.465151,1.329252,1
1.598872,1.859481,1
0.856087,0.336627,2
0.595179,0.301603,2
1.064593,0.490349,1
1.069559,1.022731,3
1.569776,0.278796,2
1.897251,1.952271,3
1.784600,0.706217,1
1.836512,0.632164,1
1.798717,1.539866,1
0.686035,1.621424,1
0.265136,0.495281,1
1.939632,0.177747,4
1.728028,1.644397,1
1.207199,1.720282,2
0.073095,0.382604,1
0.377732,1.021317,4
0.649918,1.711726,1
0.845659,0.437513,2
0.466741,0.920514,2
1.067952,1.152115,3
0.645692,1.295586,2
1.936799,0.759210,4
1.500532,0.558280,1
1.213528,0.229238,1
1.360540,0.998608,4
0.908134,1.842686,4
1.851525,1.113795,3
0.839440,0.507989,1
1.350548,1.084765,1
1.467552,0.470919,1
1.590144,0.247995,2
1.028707,0.402664,4
1.338736,1.312393,1
1.981314,0.782358,4
0.213547,1.352528,1
0.537375,0.513684,1
1.795475,1.423451,2
0.855419,1.068870,4
0.505180,0.001724,3
0.827551,0.971241,3
0.020789,1.800244,4
1.741886,0.428785,2
1.265428,0.411102,1
1.734170,0.154159,2
1.243217,0.890649,4
0.945392,1.622873,4
1.478700,1.894079,2
1.270598,0.671138,2
0.870292,0.711286,1
0.064508,1.946701,4
1.570509,1.499364,2
0.683971,1.552824,1
1.933289,1.170377,3
1.024840,1.667850,3
1.410559,0.384747,1
0.350274,0.842125,2
1.725935,0.581083,1
0.604015,0.527581,1
1.581444,1.632525,1
1.311849,1.774482,2
0.143557,1.798763,4
0.305308,0.165408,1
0.151105,1.515909,2
0.001398,0.285763,3
0.969734,0.752770,3
0.670631,1.637494,1
1.197986,0.123043,4
0.564956,1.845742,1
0.167657,0.771780,2
1.986278,1.249766,3
1.252889,1.337938,1
0.276372,1.833096,2
0.545259,1.328876,2
0.380842,1.756515,2
0.996677,0.865833,3
1.676705,1.082221,3
0.159845,1.509672,2
1.698597,0.143431,2
0.549984,1.677183,1
0.879734,1.166621,4
0.783007,1.574707,1
1.571136,1.367807,2
1.785383,1.824975,1
1.887719,0.921953,4
1.282959,1.900513,3
0.497363,1.499945,1
1.408965,1.515372,2
1.285001,1.243216,1
0.525443,1.677635,1
0.484700,1.515468,2
0.134264,0.808660,3
0.937731,1.004855,4
1.186084,0.313539,1
0.529446,0.611476,1
1.515952,0.046020,4
1.685715,1.477487,2
1.128233,1.284987,1
0.648799,1.728206,1
0.785129,1.517009,1
1.160425,0.252243,1
1.454148,0.854685,2
1.382520,0.337408,1
0.357573,1.986359,4
1.947982,0.607313,4
0.799925,0.354874,2
1.667206,1.051028,3
0.849981,1.214699,4
1.171796,0.967844,4
1.326036,0.806503,2
1.091851,1.759629,3
0.941930,0.920388,3
1.016325,1.224930,3
1.528708,0.060604,2
1.264964,0.604627,2
1.556116,0.142442,2
1.217844,0.057439,4
1.093431,0.584243,2
1.849474,0.789101,4
1.361492,1.356692,1
1.513767,0.051721,4
1.342956,1.386076,1
1.273887,0.804500,2
1.386293,0.489093,1
1.549152,1.794030,1
0.356496,0.678856,2
1.553552,1.944741,3
0.025908,1.322625,4
0.105137,1.440126,1
1.741144,1.683234,1
0.997532,0.058865,3
1.949268,0.700872,4
1.070664,0.015262,4
1.278284,0.072685,4
1.967621,1.853086,3
0.729847,0.647501,1
0.783009,0.785225,1
0.755964,0.483947,2
1.842778,0.820633,4
1.301294,1.138052,1
1.091994,0.522211,2
0.590277,1.447251,2
1.890736,0.580462,1
0.481267,0.345069,1
1.916079,1.151128,3
0.518060,1.145379,2
0.276747,1.117207,1
0.752088,1.153094,2
0.128832,1.492665,1
0.375759,1.067467,4
0.099054,1.888116,4
0.107493,1.906646,4
0.549429,1.527803,1
1.841041,1.385491,2
0.313801,1.644733,2
0.440639,0.282982,1
0.514608,0.072848,2
0.136635,0.874642,3
0.005812,0.622935,3
1.708251,1.324605,2
1.941969,1.082345,3
0.947937,0.364493,3
1.279126,1.526411,2
0.542328,1.757154,1
0.573596,1.452815,2
1.264588,1.874688,2
0.037855,1.739228,4
0.390488,1.901316,2
1.018530,1.995241,3
1.552451,0.869680,1
1.856617,1.956932,3
1.464849,0.113211,1
0.271633,0.793005,2
0.113957,1.088607,4
1.813301,0.815758,1
0.533171,1.330757,2
0.525777,1.656944,1
1.818697,1.682105,1
0.492763,1.277515,1
1.518805,1.362619,2
0.112460,0.087146,3
0.596563,0.557547,1
1.886454,1.774311,3
0.911810,0.820499,3
0.911154,0.676968,3
1.903382,0.609428,1
0.888193,0.611747,1
0.755362,1.752797,1
0.709534,1.470371,2
1.595586,0.748250,1
1.023501,0.525701,4
0.484702,0.847356,2
0.826893,1.677852,1
1.500181,1.571218,1
0.875074,0.272159,2
0.953436,0.465835,3
1.768391,1.606834,1
0.896284,1.752450,4
0.856666,1.754682,1
0.455740,0.627239,2
1.001514,1.469525,3
0.475546,1.499950,1
0.290263,0.524129,2
1.892923,0.107511,4
1.167137,1.849978,3
0.131636,1.451669,1
1.423004,1.593968,2
1.551954,1.254582,2
1.387464,1.133837,1
1.419967,0.769101,2
1.868996,1.392695,2
1.117205,1.829443,3
0.511931,1.373815,2
1.103473,1.712724,3
0.809471,1.299447,2
1.643778,0.198127,2
1.377495,0.791637,2
0.766976,0.002568,3
1.469664,1.167804,1
0.197543,0.385254,1
1.720151,1.526493,1
1.867487,1.316512,2
0.858204,0.800393,3
1.207624,0.490082,1
0.835191,0.527987,1
0.675783,1.425192,2
1.437307,0.811202,2
1.062664,0.272271,4
1.593509,1.885154,1
1.938754,1.450385,2
1.671578,0.950935,4
1.166416,1.532496,2
1.913258,1.970065,3
1.751184,1.440907,2
0.906728,1.593560,1
1.264285,0.185113,1
1.231374,0.381662,1
0.255246,1.297157,1
1.363395,1.683527,2
1.421416,1.580901,2
0.020454,1.194367,4
0.520954,0.747477,1
0.159255,1.702215,2
0.782394,0.806357,1
1.134176,1.914646,3
1.724287,1.005902,3
1.119424,1.856810,3
0.735608,1.504774,1
0.837165,1.224127,2
1.935334,1.365237,3
0.770379,1.120597,4
1.234572,0.443416,1
0.110184,0.744065,3
0.415204,0.750696,2
0.590937,1.328056,2
0.266547,1.850973,2
1.880492,0.415988,2
1.906688,1.536659,1
0.703999,1.813262,1
1.298397,1.614318,2
0.075299,1.240273,4
1.889679,1.572730,1
0.346111,1.091691,1
0.004212,0.321539,3
1.512463,1.658198,1
1.502960,0.630642,1
0.625733,1.700635,1
1.920628,1.079466,3
1.239676,0.427902,1
0.338692,1.034702,4
1.070438,0.483182,1
1.205702,0.168493,1
1.243877,1.853028,2
0.548192,1.214489,2
0.168639,1.822179,4
0.595910,1.473597,2
1.522902,1.808223,1
1.591933,0.940735,4
1.418658,0.442556,1
0.020694,0.094729,3
0.609634,0.615227,1
1.433645,1.956486,3
1.358892,0.588555,2
0.758750,1.456897,2
1.210078,1.091323,3
1.434694,0.524628,2
1.768144,0.691589,1
0.861078,1.505858,1
0.982284,0.828739,3
0.268807,0.706066,2
0.969408,0.380115,3
1.960122,0.373850,4
1.301410,1.135062,1
0.892411,0.006296,3
1.435125,0.334898,1
1.887026,0.141014,4
1.445953,1.953436,3
1.109343,1.823805,3
1.777181,0.943264,4
0.736621,1.584497,1
1.230709,0.970197,4
1.158708,1.890957,3
1.525045,0.513826,1
1.650006,0.815889,1
1.211233,0.799822,2
0.436909,1.805963,2
0.771398,0.406229,2
0.087230,1.656065,2
1.020453,1.943314,3
1.823176,0.247928,2
0.796672,0.107098,3
0.839114,0.144546,3
0.649247,0.773202,1
1.613587,0.520564,1
1.702761,0.689098,1
1.737630,0.062538,4
1.623582,0.276016,2
1.217393,1.464302,1
1.816311,0.266136,2
1.633710,1.054523,3
1.702053,1.680601,1
0.163071,1.319004,1
0.924602,0.556610,1
0.241791,0.442735,1
0.305984,1.140811,1
1.600665,1.129567,2
0.838700,0.216086,2
1.756787,1.347601,2
1.016253,0.201715,4
0.907744,1.518136,1
0.602673,0.407740,2
1.041725,0.024432,4
1.725437,0.523483,1
1.400106,1.274862,1
0.215425,0.634089,2
1.623494,1.853760,1
1.103157,0.922557,4
1.344069,0.528526,2
1.978527,0.292913,4
1.324983,1.415633,1
0.030189,1.057677,4
0.482676,1.913822,2
1.107912,0.927645,4
1.372165,1.040874,3
1.391372,0.707327,2
0.795719,1.797651,1
0.624037,0.225184,2
0.819891,1.135003,4
1.736007,0.378297,2
1.045673,0.109832,4
1.268909,1.867801,2
0.383082,0.768582,2
0.318291,0.462154,1
1.842161,0.359464,2
1.991768,1.738895,3
0.952843,1.148928,4
0.036786,1.426148,4
1.150621,0.250099,1
1.422667,1.972879,3
1.187181,1.644778,2
1.141520,0.767955,4
1.598404,1.898040,1
0.408428,0.049435,3
1.956416,1.926383,3
1.523258,0.323285,2
1.009474,0.661744,4
0.086090,1.024572,4
1.792526,0.178319,2
0.672488,1.001281,4
1.165946,1.105933,3
0.483897,0.085061,1
1.819814,0.334697,2
0.815600,0.057807,3
1.433817,1.841105,2
0.342713,0.051310,3
0.641017,1.759298,1
1.790681,0.941391,4
1.006647,0.603892,4
0.135678,1.969753,4
1.659945,1.300838,2
0.815355,1.814508,1
1.740382,1.239805,2
0.110406,0.987945,3
1.479351,0.745459,2
1.395561,1.728595,2
1.964077,0.141097,4
1.444477,0.657219,2
0.861879,0.269868,2
0.426977,0.788495,2
0.719831,1.415921,2
1.114889,1.606167,2
0.059348,1.796818,4
0.170746,0.824047,3
1.572704,0.484783,2
1.003863,1.630142,3
1.188107,0.248074,1
1.344168,0.565392,2
0.852560,0.997629,3
1.764452,1.332331,2
0.475473,1.693958,2
1.459629,1.928890,2
0.635790,0.112573,2
1.848651,0.846533,4
1.068314,1.899529,3
0.688945,1.693855,1
0.453488,1.348985,1
1.359407,0.721440,2
0.489793,1.415718,1
1.656825,0.312240,2
1.198601,1.259414,1
1.246696,0.213457,1
0.888952,1.928481,4
1.068856,0.643450,4
1.528501,1.068003,2
0.731239,0.310904,2
1.237991,0.243037,1
0.067231,0.011043,3
0.135192,0.527482,2
0.889518,0.747789,3
1.184974,0.758909,2
0.047870,1.640834,4
1.691204,0.471352,2
0.967742,1.630158,4
1.461857,0.170604,1
1.963216,0.204511,4
1.412528,1.224009,1
1.798351,1.463099,2
0.972172,0.942713,3
1.584391,1.470995,2
1.287450,1.759163,2
0.851699,0.785564,3
1.794490,0.850799,4
1.644454,1.420578,2
0.139869,1.490927,1
0.333363,0.400275,1
1.803965,1.635305,1
1.813722,1.619747,1
1.820515,0.474622,2
0.204776,1.952114,4
0.673640,0.902500,1
1.528677,0.685912,1
1.760418,0.860867,1
1.745393,1.732896,1
1.078886,0.521732,2
0.317716,1.827831,2
1.118759,0.649259,2
1.543526,1.641304,1
1.332889,0.823756,2
0.629196,1.353882,2
0.862584,1.693304,1
0.201558,1.711692,2
0.763218,1.037212,4
0.369461,0.105296,1
0.866081,0.904755,3
1.022994,1.440160,3
0.898273,1.644691,1
1.438872,0.115758,1
1.972783,0.506033,4
0.472286,1.307279,1
1.800267,1.540967,1
1.255284,0.892063,4
1.539415,0.286666,2
0.982604,1.779791,4
0.460982,0.744980,2
1.894721,0.827005,4
0.094690,1.809532,4
0.765744,0.451687,2
0.151339,1.576901,2
0.129305,0.752714,3
0.762210,0.034356,3
0.881298,0.578460,1
1.558624,1.929728,1
0.313464,1.216000,1
1.118879,0.751508,4
0.843969,1.561909,1
1.642834,1.065300,3
1.950794,0.514731,4
1.524693,1.085153,2
1.550485,1.853498,1
0.167247,1.738195,2
1.904496,0.192352,4
0.712851,1.541669,1
0.427870,1.049286,4
1.508547,1.973034,3
0.767556,0.160456,2
0.264966,0.600574,2
0.319109,0.467878,1
1.299575,0.440040,1
0.915106,1.757285,4
0.595585,1.005405,4
0.045296,0.454347,3
0.291842,1.751149,2
1.610513,1.100482,2
0.288206,0.894924,3
1.951864,1.396447,3
1.573895,1.989815,3
1.899510,0.521235,1
0.545622,1.442159,2
1.387392,0.672608,2
1.621208,0.660779,1
1.506736,1.520304,1
0.269198,1.852653,2
0.818763,1.058660,4
1.028540,0.500740,4
0.861727,1.155138,4
1.687417,0.747841,1
0.289418,0.900336,3
1.482040,0.421813,1
0.589404,0.400919,2
0.464903,0.021956,3
1.223547,0.515482,2
1.767137,0.148545,2
0.051225,0.141829,3
1.951818,0.938714,4
0.270891,1.820626,2
0.851259,1.771690,1
1.317646,0.676848,2
1.272654,0.888816,4
0.033998,0.669679,3
1.411472,1.352748,1
1.410913,0.261523,1
1.465482,0.956298,4
0.582111,0.738134,1
1.250722,1.864014,2
0.044266,0.676012,3
1.197089,0.232269,1
1.054408,1.701603,3
1.206549,1.583156,2
1.620340,1.580644,1
1.118518,1.828183,3
0.921081,0.891778,3
0.039448,0.142100,3
0.244190,1.232621,1
1.280859,0.756838,2
1.392911,0.410656,1
1.886230,1.809607,3
1.537341,0.950970,4
1.274066,1.385071,1
1.088366,1.804748,3
0.908923,0.321643,2
1.165900,1.403470,1
1.740497,0.515305,1
0.862660,0.508233,1
1.019271,0.652658,4
1.074943,0.836283,4
1.322176,1.230357,1
0.450974,0.794839,2
0.772025,0.805676,1
0.211076,1.611362,2
1.505975,0.630845,1
1.398175,0.740691,2
1.857257,1.333678,2
1.197050,1.218089,1
0.096012,0.874209,3
1.282111,0.942115,4
1.964832,0.573046,4
0.778637,0.121109,3
0.819653,0.783770,1
0.353601,1.477134,1
0.260401,0.612031,2
0.644368,0.222864,2
0.178751,0.236519,1
0.981783,0.597239,3
0.016445,1.120638,4
1.307679,0.183251,1
1.222533,0.824399,2
1.851264,0.823788,4
0.543884,1.333717,2
1.948501,1.392601,3
0.920844,1.984875,4
1.620274,0.712127,1
0.213540,0.154222,3
0.309236,1.268580,1
1.101467,0.252502,4
0.807569,0.121477,3
0.879069,1.769945,4
1.709633,1.199210,2
1.325559,1.136103,1
0.950695,0.727631,3
0.571475,0.080672,2
1.365292,1.253564,1
0.518247,1.653297,1
0.371120,0.564076,2
0.106695,0.382215,1
0.336698,1.364355,1
1.560857,1.641305,1
1.409639,1.824679,2
0.199979,1.309618,1
0.538065,0.240072,2
0.471058,0.891762,2
1.600738,1.113633,2
0.023780,0.068340,3
1.557204,1.922942,1
1.601907,0.539762,1
0.403708,1.432068,1
0.490439,0.752256,2
1.220686,0.036963,4
1.172470,0.373590,1
0.464521,0.808551,2
0.245868,1.009633,4
0.819633,1.474357,2
0.182739,0.489665,1
1.333849,0.405173,1
0.275922,1.217305,1
0.054648,1.129901,4
1.634682,0.733567,1
0.181160,1.928228,4
1.647538,0.667809,1
0.443994,0.947450,3
0.246833,0.451114,1
1.490398,0.971013,4
0.582501,0.365563,2
1.421660,0.886348,2
1.151256,1.357881,1
0.912962,1.708970,4
1.113258,0.421894,1
1.949614,1.865051,3
1.782840,0.438358,2
0.860806,1.354117,2
0.640766,1.694677,1
1.643943,0.315328,2
1.340284,1.061524,3
1.573469,0.327846,2
1.711099,1.736257,1
1.881014,1.297088,2
0.261299,1.878909,4
0.238542,0.772870,2
1.256220,0.499597,1
1.292475,0.996757,4
0.616041,1.866778,1
0.774550,1.612537,1
0.203637,1.439776,1
1.695105,1.071716,3
0.371841,1.834918,2
0.199670,1.277957,1
0.379759,0.153224,1
1.797894,1.527362,1
1.022613,0.720341,4
0.767768,1.190725,2
0.997775,1.991641,4
1.064461,0.457430,1
1.240592,1.959268,3
1.001060,1.959000,3
1.611631,0.299868,2
1.496531,0.460497,1
0.272131,1.342166,1
0.109149,0.476920,1
0.395217,0.376792,1
1.629116,1.644699,1
1.849534,1.927131,3
1.644318,0.343452,2
1.866149,1.908740,3
0.245270,1.426372,1
1.788365,1.139347,3
1.074341,0.582403,2
1.658318,0.518642,1
1.858703,1.229558,3
1.006444,1.132665,3
0.596186,1.130264,2
0.934841,1.917695,4
1.474289,1.406135,1
1.000601,0.655897,4
1.586391,0.401010,2
1.153062,1.143703,3
1.572554,1.136380,2
1.219060,0.722515,2
0.589432,1.651490,1
1.010842,1.575180,3
0.211838,1.103159,4
0.067391,0.898063,3
0.089059,0.990822,3
0.102947,0.024204,3
1.129992,0.610640,2
1.519717,0.760894,1
0.168549,1.135457,4
1.510489,0.524960,1
0.001682,1.998959,4
0.858370,0.558732,1
1.311635,1.828272,2
1.390048,0.336038,1
1.601641,0.820656,1
1.401248,0.788060,2
0.572439,1.810746,1
0.520425,1.439937,2
0.603211,0.980844,3
1.473154,1.475983,1
0.032958,1.079768,4
0.937324,1.516699,1
1.085591,0.715016,4
0.712852,0.823262,1
0.181483,0.887980,3
1.085159,1.277617,3
1.959839,1.037944,3
0.966493,1.492157,4
0.927220,0.801402,3
1.313658,1.239104,1
0.672860,1.247660,2
1.352049,1.092861,1
0.347084,0.043280,3
0.686943,0.857535,1
0.805339,0.916179,3
1.283624,0.494144,1
1.263878,1.011137,3
1.356273,1.004506,3
0.663712,0.886717,1
0.411368,0.477345,1
1.615515,1.315207,2
0.302207,1.155850,1
1.181882,1.805503,2
1.473398,0.035728,4
1.582163,1.866508,1
1.974481,0.730792,4
1.782537,0.109457,4
1.461226,0.952531,4
0.246939,0.843373,2
0.510232,0.499358,2
0.004568,0.204094,3
1.593608,0.998478,4
0.796930,1.364111,2
1.432162,1.335902,1
0.636473,1.984921,4
0.005324,0.007414,3
0.149944,0.690226,2
1.488792,0.133246,1
0.388018,1.977358,4
1.590173,0.838568,1
0.380009,1.822298,2
0.488073,1.785755,2
1.168495,0.586519,2
0.503845,0.977110,3
1.547523,0.457616,2
1.875535,1.211733,3
0.800274,1.692291,1
1.398721,0.781502,2
0.002779,1.012588,4
0.939217,0.921634,3
1.439408,0.023188,4
1.509562,0.748427,1
0.526542,0.918324,1
0.626163,1.564603,1
1.519027,0.019659,4
0.319309,1.590163,2
0.472874,0.764364,2
1.662622,0.877731,1
0.087930,0.863867,3
0.007076,0.133722,3
1.978096,1.426144,3
0.959290,0.036313,3
1.886198,1.423123,2
0.281792,0.442195,1
1.449849,1.578234,2
0.162223,0.472169,1
1.989986,0.153848,4
1.646318,1.177427,2
0.664681,1.556832,1
1.774840,0.879448,4
1.940509,0.946448,4
1.994871,1.844624,3
0.652305,0.390681,2
0.971830,1.410788,4
1.623406,0.781490,1
1.094964,1.169856,3
0.061367,0.906423,3
1.275639,0.851108,2
0.592277,1.156271,2
0.069641,1.446751,1
1.861450,0.656098,1
0.284005,1.904726,4
1.153366,1.022716,3
1.115489,0.474761,1
0.707154,1.063317,4
1.056413,1.839302,3
0.182435,0.660662,2
0.534542,1.663952,1
0.727772,1.104928,4
0.292237,1.105586,1
1.405815,0.924417,2
1.008137,0.716959,4
1.847079,0.453671,2
0.898294,1.605543,1
0.689961,0.696251,1
1.908804,0.160948,4
1.326366,1.524173,2
0.929483,0.413945,2
1.804957,0.489374,2
0.325042,1.012181,4
1.895860,0.606289,1
1.978494,0.322160,4
0.909455,0.088739,3
1.589286,0.638381,1
1.546144,1.492437,2
1.675564,1.030992,3
0.163172,0.914043,3
1.290548,1.836723,2
1.803024,0.137240,4
0.956023,1.964739,4
1.356953,0.897433,2
0.632072,1.867686,1
0.977878,0.668341,3
0.840567,1.771227,1
1.484964,1.054108,1
0.814832,1.235981,2
1.532734,0.403523,2
0.209449,1.253301,1
0.400353,1.025103,4
1.652449,0.645980,1
1.238053,1.763302,2
1.190266,0.253109,1
1.256097,1.832344,2
1.654325,1.905521,1
0.034844,0.903711,3
0.367633,0.536943,2
1.445456,0.110602,1
0.239521,1.409077,1
1.960688,0.862341,4
1.515680,1.322570,2
0.378644,1.714842,2
1.343366,1.475423,1
1.750031,0.431205,2
0.449707,1.526360,2
1.083741,1.699933,3
0.630713,0.714930,1
1.424584,0.218477,1
1.314699,1.064091,3
0.354108,0.783809,2
1.045571,0.376226,4
1.127517,1.677140,2
1.454336,0.014614,4
1.809207,0.052891,4
1.921997,1.328919,3
0.002343,1.304661,4
0.930100,1.004266,4
0.413222,1.826015,2
1.945564,1.734701,3
1.671543,0.651350,1
1.199714,0.717342,2
1.532075,0.240637,2
1.654805,1.733785,1
1.320074,1.639397,2
0.928536,0.746750,3
1.025106,1.780712,3
0.529632,0.323853,2
1.036692,1.391176,3
1.816662,0.983429,4
0.686993,1.170340,2
0.943823,0.471521,2
1.425971,0.731506,2
1.209557,0.414646,1
0.772643,1.663304,1
0.933767,0.178918,3
1.971850,1.444777,3
0.022701,0.363047,3
0.770764,0.873998,3
0.172740,1.296403,1
1.109397,1.998676,3
0.394339,0.135566,1
1.353057,0.930990,4
0.828015,1.525615,1
0.024117,1.755288,4
1.269058,0.013078,4
1.225404,1.633763,2
1.076127,1.734917,3
0.321072,1.067474,4
0.111505,0.281137,1
0.391457,0.717425,2
0.126657,1.442626,1
0.457296,1.588682,2
0.076702,0.771580,3
0.024946,0.853045,3
1.501985,1.249635,2
0.178660,1.474621,1
1.789623,1.137870,3
1.769570,0.402941,2
0.597563,1.362186,2
0.985976,0.412540,3
0.885512,0.571651,1
0.236564,0.385213,1
0.545211,0.114489,2
0.112927,1.386559,1
1.789443,0.972238,4
1.471198,1.367023,1
0.813728,1.771741,1
0.588820,1.716879,1
0.025203,1.328003,4
1.001585,0.232223,4
0.031077,0.492354,3
1.094202,0.047000,4
0.377980,1.280086,1
1.612059,0.626891,1
0.622709,0.586289,1
1.221999,1.655873,2
0.844474,0.675676,1
0.767984,1.350069,2
1.903785,1.637023,1
0.143320,0.902513,3
0.781736,0.445948,2
1.460224,0.262390,1
1.736462,0.610512,1
0.754443,1.316465,2
0.047544,0.808613,3
0.901395,1.792680,4
0.816352,0.371669,2
0.220756,1.858665,4
1.996904,0.711874,4
1.090789,0.003659,4
0.577547,0.427655,2
1.223755,1.381747,1
1.278811,1.476453,1
0.791582,0.939487,3
0.255251,0.306776,1
1.831304,1.748747,1
0.361543,0.886183,2
1.198411,1.738610,2
1.926021,0.780877,4
0.836523,1.542295,1
1.686869,0.147108,2
1.981804,0.112480,4
1.711232,1.126069,2
1.172565,1.416942,1
1.856111,0.193381,4
0.173730,1.789910,2
0.908782,0.240966,3
0.985978,1.449402,4
1.471867,1.492873,1
0.413503,1.058447,4
0.180877,0.528832,2
0.210284,1.151688,4
0.056698,0.918556,3
1.042674,0.753976,4
1.313850,1.038818,3
0.795077,0.514139,1
1.916110,1.418849,2
1.917978,1.767966,3
0.607159,1.937929,4
0.939856,1.555542,1
1.567039,0.462222,2
1.172352,0.544303,2
1.474422,1.137234,1
0.513348,0.651407,1
0.933825,1.070495,4
0.663933,1.549912,1
1.100914,0.937584,4
0.233288,0.818513,2
0.239070,0.468805,1
1.945727,0.619365,4
1.611583,1.380093,2
0.993081,1.418837,4
0.069102,1.348382,4
1.029748,0.152127,4
1.003602,0.057938,4
0.167421,1.728526,2
1.123868,0.914493,4
0.913649,1.016083,4
1.308047,1.803021,2
0.963583,0.204755,3
0.616133,0.740083,1
0.401649,0.868762,2
0.537531,0.011141,3
0.752516,0.319616,2
0.883546,1.219090,4
0.314472,1.557524,2
1.213715,0.342809,1
0.449615,1.770855,2
0.693082,0.236329,2
1.949623,0.885643,4
0.978372,0.895573,3
0.055108,1.675839,4
0.965807,1.024733,4
0.842703,0.703008,1
0.932739,0.665534,3
1.045526,1.916792,3
0.408377,0.444760,1
0.750898,0.670290,1
0.838058,0.903575,3
0.482570,0.346099,1
1.787141,0.118710,4
1.405496,0.927586,2
1.368645,0.371170,1
0.791326,0.225745,2
1.554284,1.814158,1
1.385519,0.685433,2
0.147372,1.929276,4
0.093463,1.172867,4
1.116376,1.515422,2
1.598524,1.112181,2
0.425776,0.440655,1
1.277335,0.364248,1
1.235756,1.293737,1
1.844843,0.149315,4
0.924885,1.459875,2
0.121127,1.113677,4
0.483859,0.018121,3
0.347507,1.818445,2
0.580290,0.873046,1
1.691215,1.144944,2
1.445756,1.836732,2
0.140283,0.986324,3
0.542264,1.539078,1
0.827448,1.772964,1
0.760392,1.701911,1
0.914989,1.087237,4
1.101370,0.653819,2
0.645462,1.088832,2
0.112581,0.475140,1
0.626099,0.766602,1
1.178419,0.898710,4
1.268949,1.135801,1
1.119064,0.715893,2
1.547366,0.536663,1
1.437557,1.778332,2
0.832922,0.518993,1
0.110564,0.956504,3
1.859054,1.382721,2
0.597924,0.636135,1
0.720294,1.775904,1
0.225590,1.528451,2
0.825550,0.253824,2
1.032986,0.046816,4
1.972279,0.435163,4
0.269293,1.746264,2
1.283930,0.939988,4
0.180481,1.021571,4
1.764916,0.857463,1
1.299447,0.596143,2
0.544978,0.182191,2
1.339536,0.289844,1
0.976854,1.678850,4
0.936362,0.076479,3
1.259889,0.903473,4
0.268190,0.849568,2
0.830133,0.564278,1
1.030574,0.402652,4
1.783481,0.425152,2
1.664118,0.125483,2
1.631230,1.908766,1
1.555546,0.430086,2
1.409585,1.273543,1
1.667154,1.719511,1
1.877497,1.515539,1
0.275945,0.609612,2
0.357121,0.642501,2
0.844715,0.807563,3
1.183212,0.363684,1
0.834989,1.070942,4
0.208725,0.522957,2
1.348803,1.179811,1
1.943032,0.974519,4
0.764024,0.779567,1
0.695083,0.591098,1
1.142349,1.834090,3
0.790489,1.133532,4
0.771588,1.707229,1
0.140071,1.310472,1
0.479368,1.067878,1
0.718183,1.277792,2
0.527787,1.486773,2
1.804685,0.111523,4
1.290173,0.605564,2
0.563472,0.678405,1
1.948023,1.557687,3
0.119127,1.159248,4
1.058695,0.891934,4
0.790370,0.577154,1
0.580439,0.150820,2
0.282718,1.708176,2
1.340072,1.689868,2
0.585087,0.957043,3
0.614034,0.666893,1
1.109857,0.152609,4
1.460735,1.849023,2
1.180229,1.348180,1
0.859352,1.447498,2
1.758843,0.590103,1
0.009123,0.286109,3
0.442511,0.496035,1
1.834728,1.593531,1
1.149234,0.470092,1
0.715642,1.773301,1
0.241119,1.211870,1
1.589152,1.012140,3
1.037813,0.529949,4
0.606250,1.851720,1
0.396367,0.854410,2
0.281968,0.726406,2
0.872433,1.062749,4
1.575632,1.116932,2
1.092907,1.074650,3
1.981091,1.403190,3
0.088591,1.504306,2
1.973480,1.635315,3
1.487421,1.999861,3
1.039683,0.913608,4
0.878284,0.966154,3
1.074937,1.111776,3
1.498506,1.466984,1
0.850376,0.597781,1
1.171800,1.322264,1
0.351897,1.465411,1
1.849815,0.114800,4
1.666828,1.332253,2
1.305766,0.549540,2
1.282087,0.941062,4
1.477704,0.165668,1
0.050917,1.815103,4
0.534197,0.436528,2
1.685523,0.687262,1
1.170756,1.976786,3
0.638273,1.692792,1
1.144657,0.732422,2
1.692991,0.376798,2
1.824683,1.625706,1
1.195344,1.149492,3
1.839212,1.133101,3
1.916115,0.525750,1
0.078655,1.146112,4
0.215369,0.667672,2
0.150981,1.827870,4
0.813720,1.861457,4
1.364183,0.131359,1
0.510478,0.753795,1
0.256669,0.283470,1
1.502146,0.835810,1
1.729950,1.335127,2
0.099119,0.051022,3
1.104860,1.847962,3
0.404975,1.299136,1
0.172261,1.752552,2
1.024038,1.091993,3
0.603156,0.635495,1
0.616001,1.663738,1
0.182743,1.658924,2
0.803912,0.697043,1
0.419111,0.015269,3
0.985151,1.953037,4
1.439084,1.827251,2
0.338710,1.696919,2
1.564106,0.393803,2
0.176502,1.406040,1
0.384281,1.726357,2
0.764456,0.348178,2
1.108551,1.026945,3
0.709507,0.991105,3
0.976351,0.401785,3
0.400486,1.611311,2
1.593271,1.957441,3
1.691400,1.946508,3
1.311312,0.758113,2
1.707907,1.713157,1
0.329787,1.046748,4
0.819348,1.349348,2
0.066111,1.423688,1
0.928908,1.691309,4
1.016014,0.031627,4
1.625566,1.149840,2
1.826383,0.683790,1
1.878464,1.161077,3
1.139652,1.966847,3
0.810245,1.112690,4
0.752987,0.384914,2
1.382890,1.231706,1
1.603039,0.629878,1
0.188855,0.551292,2
1.163110,0.841819,4
1.645132,0.764599,1
0.028541,1.975110,4
1.763728,1.982802,3
1.198198,1.137819,3
0.144637,0.539775,2
1.268296,1.709420,2
1.535017,1.838286,1
1.632418,1.263475,2
0.369313,0.677353,2
1.073389,1.369606,1
1.729164,1.652339,1
1.051941,0.965941,4
1.100093,1.915297,3
1.106406,1.552176,2
1.688979,1.973193,3
0.088760,1.267289,4
1.408628,0.463440,1
0.904854,0.572553,1
1.804011,0.496443,2
0.252238,0.389873,1
0.610049,1.551711,1
0.199292,1.116885,4
1.497133,1.080077,1
1.619846,0.514395,1
0.215081,1.479012,1
0.353402,1.886961,2
1.650782,1.187771,2
0.975802,1.454243,4
0.461823,1.148784,1
0.778467,0.979711,3
1.573864,1.282067,2
0.753499,1.107313,4
0.561158,1.556881,1
1.650645,0.905719,1
1.843629,1.612696,1
0.308920,0.313819,1
0.903358,0.031334,3
1.048323,0.198937,4
1.995097,1.350313,3
0.478518,0.883897,2
0.091593,0.064398,3
1.355229,0.735424,2
1.505973,0.539958,1
0.564666,1.327123,2
0.518541,0.621701,1
1.461415,0.849249,2
1.919422,1.277624,3
1.009320,0.531601,4
1.647400,1.884084,1
1.882977,1.687328,1
0.197128,1.165990,4
1.821136,0.520074,1
1.327009,0.868963,2
1.579464,1.834579,1
0.920104,1.759547,4
1.792268,1.490429,2
0.575315,1.679979,1
0.162797,1.468836,1
1.079214,0.567015,2
1.058539,1.676378,3
0.583840,1.807804,1
0.202572,1.022547,4
0.009413,0.951599,3
1.853345,0.103602,4
0.602439,0.911531,1
1.798639,1.531003,1
0.308613,0.362195,1
1.987479,1.004070,3
1.466805,0.871923,2
1.897921,1.980453,3
0.303775,1.221079,1
0.269755,1.613685,2
0.453520,0.286999,1
1.050399,1.322562,3
0.333044,1.560610,2
1.618344,0.347736,2
0.869085,1.289467,2
0.928717,0.002117,3
1.487651,1.358849,1
0.622971,1.763544,1
1.948011,1.091895,3
0.279936,0.795770,2
0.229813,0.007968,3
0.367169,0.323078,1
0.568726,0.915767,1
0.439639,1.131142,1
1.336614,0.806037,2
0.633406,0.123359,2
0.103255,1.895530,4
0.176963,0.918792,3
0.399047,1.279975,1
0.822701,0.197912,2
1.195783,0.322293,1
0.916813,0.511076,1
0.676652,0.927998,3
1.662828,1.318559,2
1.890407,0.973549,4
1.159634,1.979040,3
1.216149,0.568227,2
0.457782,1.701632,2
1.177206,0.000801,4
0.026628,0.439219,3
1.820744,0.416831,2
1.808724,0.549047,1
1.198999,0.374235,1
0.156810,1.343141,1
0.111102,1.262850,4
1.757321,0.104184,4
1.031720,1.470804,3
0.022813,0.969308,3
0.836063,1.645607,1
1.864117,0.203735,4
1.318797,0.228508,1
0.799804,1.250826,2
0.061599,0.697806,3
0.432854,1.366768,1
1.000562,0.476068,4
1.747030,1.909226,3
1.816773,0.968219,4
1.247392,0.457707,1
1.994944,1.822588,3
1.263406,1.079964,3
0.638240,0.501064,1
1.996499,1.029628,3
1.935176,0.050830,4
1.901183,1.528985,1
0.052706,0.513647,3
0.757495,1.762485,1
0.917975,1.711684,4
0.171587,1.989817,4
1.891326,1.282233,3
0.971082,1.975808,4
0.063742,1.378077,4
0.801893,1.519280,1
1.236028,1.361826,1
1.486004,0.244679,1
0.539691,0.374003,2
0.179091,1.812990,4
0.210664,0.177171,1
1.828068,0.525017,1
1.327299,1.149796,1
0.548907,0.555020,1
1.548157,0.767772,1
1.538817,0.554361,1
0.406409,0.863579,2
1.798330,1.110382,3
0.883834,0.993610,3
1.789082,1.613879,1
0.986095,1.650542,4
1.556557,0.632569,1
0.865132,0.287333,2
0.557034,1.836530,1
1.314483,1.942934,3
0.143716,1.099703,4
0.687820,0.689983,1
1.299784,0.802238,2
0.085885,1.977949,4
0.793135,0.016345,3
1.355110,1.433831,1
0.542854,0.675653,1
1.783808,1.346706,2
1.716277,0.256069,2
0.438977,0.383488,1
1.598811,0.770865,1
0.788760,1.532104,1
0.593856,0.496947,2
0.036594,0.464899,3
1.971313,0.702291,4
1.831662,1.992759,3
0.387583,0.019702,3
0.092729,1.208533,4
1.382340,0.215237,1
1.619560,1.922572,1
1.780019,1.554376,1
0.182336,1.934921,4
0.695543,0.104800,2
1.707807,1.919677,3
1.434311,0.874848,2
0.846062,1.929766,4
1.185681,1.166238,3
1.825489,0.151043,4
0.914082,1.407819,2
0.918074,1.295168,4
1.456488,0.041447,4
1.002899,0.291603,4
1.878465,0.658209,1
0.119622,1.524283,2
1.161760,1.501697,2
1.823565,1.114588,3
1.962239,0.212611,4
1.395595,0.284971,1
1.744817,0.452644,2
1.207265,0.983565,4
1.822898,0.754385,1
1.825848,0.981747,4
0.926046,0.948561,3
1.529155,1.048657,3
1.499158,1.241557,1
1.524961,0.070486,2
1.002532,0.607620,4
1.606555,0.861353,1
1.896014,1.089170,3
0.545448,1.115173,2
0.153774,1.972402,4
0.510547,1.289908,2
0.410377,0.029324,3
1.412802,1.896594,2
1.172083,1.494184,1
1.045499,1.558448,3
1.512377,0.802848,1
0.383968,1.757772,2
1.264944,1.102054,3
0.291628,0.741932,2
0.290536,0.161171,1
0.890303,1.393898,2
0.818955,0.352953,2
0.858335,0.856939,3
1.237531,1.547968,2
1.597029,1.871732,1
1.592708,1.767186,1
1.449460,1.502715,2
0.700657,1.444508,2
0.251670,0.231982,1
1.202233,1.562010,2
0.881138,1.685355,1
1.423478,0.340562,1
1.435151,0.722477,2
1.212895,1.521321,2
0.179366,0.982194,3
0.961142,0.722568,3
1.567473,0.537916,1
1.779681,1.177942,2
0.737228,0.383050,2
0.338780,0.910623,2
0.511183,1.841716,1
1.122276,1.990297,3
1.647759,1.747568,1
1.191381,0.183573,1
1.209991,1.956626,3
1.655591,1.512655,1
1.703030,1.136759,2
0.349244,0.473700,1
0.165525,1.679846,2
0.413491,0.543705,2
1.917662,0.843871,4
0.291385,1.280135,1
0.411480,1.146197,1
0.579432,0.178742,2
0.805909,0.642533,1
0.872067,1.202356,4
1.170508,0.951660,4
0.062757,0.093116,3
0.714026,1.952629,4
1.244745,1.925445,3
1.494614,0.845925,2
1.012210,0.848466,4
1.234043,0.794644,2
1.719484,1.751423,1
0.258116,0.844084,2
0.238023,0.689501,2
0.189588,1.962745,4
1.104697,1.282996,3
1.613805,1.987709,3
1.099344,0.287668,4
1.602736,1.211265,2
0.624051,0.869280,1
0.628474,0.230454,2
1.548718,1.458788,2
1.665837,0.842009,1
0.738935,0.827280,1
0.809187,0.562557,1
0.163800,0.180789,3
1.064650,0.778637,4
1.998711,1.276466,3
0.279891,0.253321,1
1.162844,0.857649,4
0.028010,1.254967,4
1.494423,1.629611,2
0.847045,0.863658,3
1.779922,0.583293,1
1.241371,0.265708,1
1.226264,0.314948,1
0.447264,0.202747,1
1.737903,1.671082,1
1.045803,0.223732,4
0.626014,1.132221,2
1.431203,0.923701,2
0.786014,0.837944,1
0.066922,1.412221,1
1.969341,0.982581,4
0.803052,1.380310,2
1.219683,0.647506,2
0.773195,0.632404,1
1.838505,1.544666,1
1.901951,0.605825,1
0.687463,0.713635,1
1.229511,0.496104,1
1.691356,0.637221,1
1.324388,0.454075,1
0.341484,0.726416,2
0.324040,1.682080,2
1.552026,0.449888,2
1.478700,1.668681,2
0.683861,1.189439,2
0.002075,1.645614,4
1.878294,0.110986,4
1.077875,1.621707,2
1.252960,0.955091,4
0.924094,1.468172,2
0.206086,1.874533,4
1.957525,0.634121,4
0.368888,0.553829,2
0.932450,1.159602,4
1.797553,1.602765,1
1.051808,0.424079,4
0.763275,1.777150,1
0.297716,0.402784,1
1.210118,0.996725,4
0.854861,1.761166,1
1.108056,0.529311,2
1.644112,0.094349,2
0.994506,0.531512,3
1.564671,0.696616,1
0.672631,1.669907,1
0.391762,0.848161,2
1.188901,0.022949,4
1.985141,1.699882,3
1.628986,0.275628,2
0.859695,0.702714,1
1.462721,0.962730,4
0.749625,0.840632,1
0.806253,1.651238,1
0.038189,1.760571,4
0.805873,0.736795,1
1.060684,1.118891,3
0.179255,1.301856,1
1.730326,1.917589,3
0.044862,1.728766,4
1.747430,1.755298,1
1.782041,1.803347,1
1.059068,0.315687,4
1.040179,0.238215,4
1.623004,0.921633,1
1.369793,1.101665,1
0.284405,0.126754,1
1.844175,0.815374,4
0.892691,1.646211,1
0.175284,0.749034,2
0.289097,0.109256,1
1.531445,0.881476,1
1.249737,1.949995,3
0.681139,0.402956,2
1.573383,1.469518,2
1.124361,1.139926,3
0.216769,0.606201,2
0.091119,0.683828,3
1.565159,1.943798,3
0.461531,1.328516,1
0.238505,0.349719,1
1.140840,1.508667,2
1.650492,0.546028,1
0.327205,1.233104,1
0.484248,1.188949,1
1.546254,1.803054,1
0.388002,1.999098,4
1.713413,1.560572,1
0.492783,1.935126,2
1.420468,1.959058,3
0.261816,1.986643,4
1.914474,1.133460,3
0.527429,0.072364,2
0.433982,0.291486,1
1.547228,0.638035,1
0.700694,0.145547,2
0.466777,1.231128,1
1.899865,0.651200,1
1.371488,0.352902,1
1.424045,0.621428,2
0.708566,0.738103,1
0.649598,1.148842,2
0.173331,1.930413,4
0.910381,0.646372,1
0.647517,1.672157,1
1.035355,0.739193,4
1.171330,0.401214,1
0.003604,1.415869,4
0.707910,1.536767,1
1.915200,1.410696,2
0.377890,0.223350,1
0.058814,1.896289,4
0.200728,0.084051,3
1.548950,0.703170,1
0.384910,0.241086,1
0.948891,0.452210,3
1.251950,1.725355,2
1.065280,0.137324,4
0.818972,0.726884,1
1.849054,1.859790,3
1.057467,0.662390,4
0.017353,1.337640,4
0.711608,1.926560,4
1.112280,0.017100,4
0.286642,1.366475,1
0.787238,1.199444,2
1.116693,1.889889,3
1.156984,0.992698,4
0.317729,1.110419,1
0.393376,0.090686,1
1.516790,1.238473,2
1.616401,1.069218,2
1.164955,0.043774,4
1.201345,1.603487,2
0.273731,0.618749,2
0.206573,1.511356,2
0.955309,1.863485,4
1.502602,1.334685,2
0.268757,0.885282,3
1.520080,1.431955,2
0.888779,1.232707,4
0.321929,0.793054,2
1.473687,0.647967,2
0.119552,1.877003,4
0.310321,0.755955,2
1.887409,0.870195,4
0.935443,0.741697,3
1.454211,0.327224,1
0.197041,0.786452,2
1.969115,0.579637,4
1.174699,1.959592,3
1.902524,0.853935,4
1.776088,0.143861,4
0.119400,0.665212,2
1.039066,0.556595,4
0.732174,0.141338,2
1.197030,0.393974,1
1.213485,1.321909,1
1.493617,1.693883,2
1.018184,1.049780,3
0.559747,0.981202,3
0.709824,1.028368,4
0.056855,0.695852,3
1.228857,0.823070,2
1.465626,1.059669,1
1.293841,0.080123,4
0.454563,0.680245,2
0.998379,1.451017,4
1.071322,1.885376,3
1.871121,0.463871,2
0.623898,0.061043,3
1.511535,0.362618,2
1.362492,0.867502,2
1.502678,0.259039,2
1.485988,0.886910,2
0.531818,1.957039,4
1.367071,0.294099,1
1.480231,0.396455,1
0.744248,1.212828,2
1.786274,0.320623,2
0.646945,1.253757,2
1.109457,0.756870,4
1.572097,1.297373,2
1.920943,0.640636,1
0.582680,0.313551,2
1.255536,1.692765,2
1.698705,1.680722,1
1.526552,0.289933,2
1.944872,1.648864,3
0.046045,1.518854,4
0.136412,0.059504,3
1.541680,1.270768,2
1.127465,1.043885,3
1.220751,1.907722,3
1.335273,0.878623,2
1.307864,0.207588,1
0.829860,1.156452,4
1.297084,1.390153,1
1.004798,1.928978,3
0.700572,0.285371,2
1.340254,1.887730,2
0.360326,1.217087,1
1.412205,0.291674,1
1.587875,0.779596,1
1.608768,1.326172,2
0.615540,1.192959,2
0.472078,0.961838,3
1.166345,1.288851,1
0.738417,1.360276,2
1.527569,0.151080,2
0.547009,1.719569,1
0.084560,1.582012,2
0.478884,0.599425,2
1.569970,1.952208,3
0.738148,1.946154,4
0.823493,1.417578,2
1.855249,1.510183,1
1.555347,1.005576,3
0.617596,0.689388,1
0.648181,0.311404,2
0.109805,1.383985,1
0.612439,1.657855,1
1.445767,0.264435,1
0.299198,1.237075,1
0.823683,1.018955,4
0.190641,0.884986,3
1.958289,1.826221,3
1.812745,1.394108,2
1.434854,1.522280,2
1.623340,1.823341,1
1.042156,1.732309,3
0.970865,0.680706,3
0.836288,0.702906,1
1.290829,0.770108,2
1.930846,1.697687,3
1.660006,0.527464,1
1.543863,0.348008,2
1.958111,0.740614,4
0.837851,0.506312,1
0.600780,1.951347,4
1.994113,1.104108,3
0.574042,0.859145,1
1.508138,1.313406,2
1.555316,0.746350,1
1.644126,1.960718,3
1.488852,1.950385,3
0.769645,0.624673,1
1.930581,1.030590,3
0.002635,1.646159,4
1.197622,1.708083,2
1.173041,1.079360,3
1.956064,0.179137,4
0.828275,0.961375,3
1.494818,0.479012,1
0.299624,0.675296,2
1.842709,1.026578,3
1.415270,1.551847,2
1.567821,0.330052,2
1.721690,0.868607,1
1.817824,1.846212,3
1.044611,1.706708,3
1.724752,1.027788,3
0.583501,0.925230,1
1.567368,1.251537,2
1.638822,1.794122,1
1.929724,1.672515,3
0.067500,0.847487,3
0.491206,0.841412,2
0.378500,1.015448,4
0.005158,1.650736,4
1.506420,1.295287,2
1.834148,0.213846,2
1.490409,1.693882,2
1.391103,1.428768,1
1.523481,0.965174,4
0.322669,0.594281,2
1.621143,0.235617,2
1.644877,0.934889,4
1.408973,1.592093,2
0.063760,1.218103,4
1.357458,1.030350,3
0.043590,1.512639,4
0.404829,0.318302,1
0.212927,1.771491,2
0.464839,0.898429,2
1.838309,1.598081,1
1.565996,0.017221,4
1.001632,0.940922,4
1.488695,0.905521,2
0.152805,0.021160,3
0.523729,1.549155,1
0.529556,1.866355,1
1.647988,1.804106,1
1.495538,0.072352,1
1.768115,0.134036,4
0.393802,1.906860,2
1.330775,1.377981,1
0.610395,1.207265,2
1.060913,0.228028,4
1.597822,1.968972,3
1.165935,0.226382,1
1.063582,0.041985,4
0.655866,1.942700,4
0.547293,0.935887,1
1.295754,1.706396,2
0.060643,0.506760,2
0.644608,1.061645,4
0.382525,1.151044,1
0.571200,1.857106,1
0.610402,1.733485,1
0.122071,1.877863,4
0.800657,0.734514,1
1.946785,0.514642,1
1.482364,0.705844,2
1.021683,0.200165,4
0.648626,1.248431,2
0.300319,1.888391,2
0.202309,1.617248,2
1.154292,0.960956,4
1.612596,1.370633,2
0.537978,0.725120,1
0.451577,1.474590,1
0.607650,1.097270,2
0.118159,0.589473,2
0.076345,0.683273,3
1.023231,0.209556,4
0.089947,0.308748,3
1.550700,0.218083,2
1.651462,0.728606,1
1.590628,0.834931,1
0.995963,0.984714,3
1.150455,0.227936,1
0.850228,1.110205,4
0.274362,0.475328,1
1.838057,0.161209,4
0.426401,0.003565,3
0.624316,0.358819,2
1.078379,1.994134,3
0.411436,1.309205,1
1.058584,1.384907,3
1.289205,0.201201,1
0.704270,0.939095,3
1.090496,0.919542,4
1.120774,0.200481,4
0.883956,1.834073,4
1.567775,0.769937,1
1.668018,0.362586,2
1.433354,1.878421,2
1.353487,0.074837,4
1.815261,0.992040,4
1.095735,0.070539,4
1.571719,1.152925,2
1.377434,1.183586,1
0.392760,1.045785,4
1.896996,0.803079,4
1.621178,0.287471,2
0.844717,0.432534,2
1.122256,1.224020,3
1.252517,0.654860,2
0.912706,0.046319,3
1.380439,1.423682,1
0.437450,1.777892,2
0.903640,0.686314,1
0.459178,1.819689,2
1.688541,1.372238,2
0.509302,0.095146,2
0.104965,1.119055,4
1.896053,1.442965,2
0.829656,1.055388,4
1.163499,1.495013,1
1.694318,0.341460,2
1.022590,1.934837,3
0.728701,0.111895,3
0.767280,1.906509,4
1.365735,1.934843,3
1.555812,0.973458,4
1.132607,1.055377,3
0.558588,1.631543,1
1.789990,1.480281,2
1.775388,1.883489,3
1.414178,0.885350,2
0.627934,1.171574,2
0.259127,0.357948,1
1.892960,1.046015,3
1.989058,1.801030,3
1.662662,0.423486,2
1.025280,0.769623,4
1.769321,1.956138,3
0.760561,1.885426,4
1.559848,1.727042,1
1.742096,0.077743,4
0.683844,0.677727,1
1.839099,1.800336,3
0.894077,0.778473,3
1.215299,1.212768,1
0.379576,1.517427,2
1.950664,0.077113,4
0.149549,0.068549,3
0.029669,0.702257,3
0.414802,1.218441,1
1.952353,0.991063,4
0.805383,1.624002,1
1.413044,0.132175,1
1.477016,0.997720,4
0.086071,0.702008,3
0.332689,0.890829,2
0.651825,0.141597,2
0.985695,0.831627,3
1.382439,1.023405,3
1.405437,0.469611,1
0.491349,1.234306,1
0.308533,0.137175,1
0.424828,0.950531,3
1.487214,1.546963,2
1.254943,1.996693,3
0.578199,0.274869,2
0.339582,1.115648,1
1.703464,1.961432,3
1.705469,1.721094,1
1.032441,0.491748,4
0.142230,1.787530,4
0.050658,0.861265,3
1.653009,0.754184,1
0.571030,1.966645,4
1.208035,1.500991,2
1.474042,1.274531,1
0.052504,1.519361,4
1.018266,0.098433,4
1.140552,1.992933,3
0.850897,0.895206,3
1.010052,1.988186,3
0.424999,1.058932,4
1.468055,0.945242,2
1.063599,1.963137,3
1.407615,0.040519,4
0.390571,0.857955,2
1.224663,1.150850,1
1.530024,0.224802,2
1.898641,0.750331,4
0.555473,0.948195,3
1.644437,1.135417,2
1.485675,0.005288,4
1.166082,0.975321,4
1.028704,0.458382,4
0.991994,1.773019,4
1.286436,1.707647,2
0.967756,1.132368,4
1.388923,0.977742,4
1.190870,0.725457,2
0.099539,0.197687,3
0.113275,0.957046,3
1.183324,1.727015,2
0.280880,0.263750,1
1.256917,0.214705,1
0.583512,1.930323,1
1.855562,1.768106,1
0.580461,1.116632,2
1.622357,1.522663,1
1.088794,0.330675,1
1.738326,1.671269,1
0.386534,1.667743,2
1.417717,0.134393,1
0.472450,0.747940,2
0.800233,0.509600,1
0.562596,0.001986,3
1.366918,0.326802,1
0.029875,1.874954,4
0.281535,1.425152,1
0.146387,1.810599,4
0.288535,0.226970,1
0.143543,0.654280,2
0.758315,1.819966,1
1.481359,1.538622,2
0.087797,0.137202,3
0.769044,1.715710,1
0.686998,1.232950,2
0.601617,0.172493,2
1.582040,0.739565,1
0.085930,0.477566,1
1.989633,0.442781,4
0.084754,0.971977,3
1.286799,0.432199,1
1.406463,0.537513,2
1.729087,0.361141,2
1.883781,0.017354,4
0.541626,0.330802,2
0.997070,1.549273,4
1.023218,0.437336,4
1.102788,0.567651,2
1.960815,1.975564,3
1.010544,1.732751,3
1.184417,1.349175,1
0.567100,1.233760,2
0.669209,1.324793,2
0.405041,1.890413,2
1.323998,1.365416,1
0.507739,1.453290,2
1.601233,0.974031,4
0.488542,0.357902,1
1.255469,1.886158,3
1.010597,1.763496,3
1.215346,0.168738,1
0.961241,0.480425,3
1.289154,1.517920,2
0.608558,0.936474,3
1.040230,1.805190,3
0.231929,1.664856,2
0.411367,1.930238,2
1.974194,0.469458,4
1.554813,1.055216,3
0.999893,0.740743,3
0.301581,1.885966,2
1.058812,1.729356,3
0.267971,0.311811,1
0.358291,1.863260,2
1.940714,0.371180,4
0.366474,1.230825,1
0.844524,0.862327,3
0.467483,1.443941,1
1.232484,0.801260,2
1.082154,1.027240,3
1.472644,1.873980,2
1.114231,0.756783,4
0.580089,1.609050,1
0.114195,0.625856,2
0.398359,0.361948,1
1.388711,1.557882,2
0.252247,1.237143,1
0.834736,0.428231,2
1.154548,1.789233,3
1.775919,1.092217,3
0.050878,1.013441,4
1.692494,1.722186,1
1.225707,0.002649,4
1.151836,1.473659,1
1.858594,0.205065,4
1.383860,0.952140,4
0.420505,0.678554,2
1.362409,0.030461,4
1.142572,1.939278,3
0.652561,1.208970,2
1.094996,0.917642,4
1.331907,1.884346,2
1.048964,0.064286,4
0.142261,0.293336,1
0.344590,1.456573,1
1.009247,0.881729,4
1.798171,0.883208,4
1.272695,1.495892,1
1.733145,0.817874,1
1.727494,0.960544,4
1.762390,0.337239,2
0.661945,1.390246,2
1.990152,1.428145,3
1.485038,0.724234,2
0.397489,1.782280,2
1.043353,1.375181,3
1.090820,0.314759,4
1.942121,0.593589,4
1.888622,1.010590,3
1.064293,1.072574,3
0.423994,1.280199,1
0.482015,0.601582,2
0.355029,1.974179,4
0.539972,0.425534,2
0.030491,0.770423,3
1.637996,1.482728,2
0.549144,1.804111,1
0.026195,0.058978,3
1.242577,1.533898,2
0.309740,1.262323,1
0.921706,1.688965,4
1.737347,0.270047,2
1.457497,1.260427,1
0.344809,1.928182,4
1.448808,1.953445,3
1.448902,1.187749,1
0.806606,0.126515,3
1.197445,1.306492,1
0.506140,1.799867,1
1.201564,1.892072,3
1.085953,1.955883,3
0.890919,0.227896,3
1.220253,1.188493,1
0.517941,1.468315,2
0.189728,0.812715,2
1.550381,0.191087,2
1.264614,0.617757,2
1.784863,0.384469,2
0.639395,0.362718,2
1.732822,0.328922,2
1.326334,0.909070,2
1.249293,1.912116,3
0.965250,0.797979,3
1.201273,1.269607,1
1.767675,0.256917,2
0.576524,0.562365,1
1.931661,1.573543,1
0.362342,1.752258,2
0.931983,0.986645,3
0.318554,0.990304,3
0.986273,0.496899,3
1.402814,1.012408,3
0.220168,1.479711,1
1.057283,0.277369,4
1.270207,1.532423,2
1.312348,1.378154,1
1.514296,0.622535,1
1.072047,0.161196,4
1.259520,1.911250,3
1.627878,0.881064,1
1.207911,0.955566,4
0.692559,1.028855,4
0.172785,1.641889,2
1.472810,0.054778,1
0.164759,1.748583,2
0.660642,1.064648,4
0.376643,0.612921,2
1.843603,0.230308,2
0.577444,1.839587,1
0.030587,1.172029,4
1.294987,0.541151,2
1.312545,0.090286,4
1.003438,0.752053,4
1.965235,1.773514,3
1.507046,0.125106,2
0.175612,1.502624,2
1.785916,1.904283,3
0.745799,1.936876,4
1.824246,1.643389,1
1.103263,1.061433,3
1.017040,1.652318,3
1.565386,0.491118,2
0.978686,0.946862,3
0.727591,1.355305,2
0.004371,1.404685,4
0.901007,0.588070,1
1.938408,1.063601,3
1.290237,1.434598,1
0.447727,1.642826,2
0.467242,1.580118,2
0.957742,0.715413,3
0.942578,1.829385,4
1.238508,1.971519,3
1.706359,1.913248,3
1.830416,1.740928,1
0.119533,0.484354,1
1.927396,0.363597,4
0.581026,0.215041,2
0.594658,1.438463,2
0.877372,1.325201,2
0.891582,1.164191,4
0.149398,0.603123,2
1.903235,1.958431,3
0.796674,0.208308,2
1.688258,0.623392,1
0.852554,1.786377,4
1.486570,1.305172,1
1.949472,1.621696,3
1.902230,1.901031,3
1.098377,1.592307,2
0.674200,0.078071,3
0.127377,0.576584,2
0.663580,0.576631,1
1.834764,0.244095,2
0.182839,0.291661,1
0.541683,1.468916,2
1.577116,1.413029,2
0.408861,1.600099,2
1.617569,1.719925,1
1.515979,1.065179,2
0.246591,1.668490,2
0.770553,1.075738,4
0.493153,0.082805,1
1.964962,0.650403,4
0.951036,1.837119,4
0.176623,0.565300,2
1.358512,0.101886,1
0.984584,1.997805,4
0.335825,0.639269,2
0.631240,0.554434,1
0.251923,0.398725,1
0.679266,1.328979,2
1.995677,0.582929,4
0.824215,0.293708,2
1.976734,1.171792,3
0.708401,1.603985,1
0.422523,1.841896,2
0.242445,0.690546,2
1.701310,1.655817,1
0.905378,1.403257,2
0.101781,1.269371,4
0.770993,0.886412,3
1.287381,1.469354,1
0.478387,0.279220,1
0.010324,1.515198,4
0.283188,0.177910,1
1.881028,0.536483,1
1.856343,0.938261,4
0.039744,1.008447,4
0.914146,0.844246,3
0.624482,0.360729,2
0.722114,1.109330,4
0.357319,1.885936,2
0.881103,1.306108,2
0.031062,0.213162,3
0.114186,0.136551,3
1.859682,0.076134,4
0.181231,0.039378,3
0.527659,0.958690,3
1.054733,1.805412,3
1.206351,0.164453,1
0.214052,1.048277,4
0.952823,0.854853,3
1.608711,1.869689,1
0.085432,1.354978,1
0.928408,1.824093,4
0.907152,1.266211,4
1.068632,0.299262,4
1.080459,0.716512,4
0.193825,1.477201,1
1.389683,0.437261,1
1.411096,1.772045,2
1.884539,0.404783,2
1.828248,0.791373,1
0.959801,1.647974,4
1.348237,0.897184,2
0.944071,0.655813,3
0.437346,1.584135,2
1.885026,0.375449,2
1.563902,1.935119,1
0.246839,0.393348,1
0.267835,1.235587,1
0.093737,1.088234,4
1.573290,0.235731,2
1.252839,1.352882,1
1.448826,1.876264,2
1.165195,1.723913,2
1.351623,1.271513,1
1.746351,1.123978,3
0.392771,1.096756,1
1.256491,0.027371,4
1.358479,0.524008,2
0.212116,0.226460,1
1.679315,0.314780,2
0.372404,0.000126,3
0.323665,0.114903,1
0.587586,1.956323,4
1.318833,1.429588,1
0.062810,0.129464,3
1.960966,0.951624,4
1.253430,0.506632,2
0.377020,1.959094,4
1.229671,1.793140,2
1.675453,0.154147,2
0.313631,0.248634,1
0.841097,1.400743,2
0.460318,0.694510,2
1.666470,1.611176,1
0.741852,0.528489,1
0.908868,0.769216,3
0.890581,1.920100,4
0.574084,1.162547,2
1.185372,0.828158,4
0.988867,1.284919,4
0.959431,1.344388,4
1.621261,1.432545,2
0.919281,0.162052,3
0.421094,0.106023,1
0.071767,0.782634,3
0.780010,0.904347,3
0.447336,1.732747,2
0.620325,0.639985,1
1.584863,1.111021,2
0.481769,1.058728,1
1.065856,0.112143,4
0.545553,0.040029,3
1.166715,0.044974,4
1.189309,1.645875,2
0.466868,0.069209,1
1.910968,1.308327,3
0.551869,0.583731,1
1.569749,0.349762,2
0.657310,1.672022,1
0.565840,0.575725,1
1.361374,0.123610,1
1.364038,0.190768,1
1.950396,1.064523,3
0.658395,0.331336,2
0.450837,0.191969,1
1.127732,0.161593,4
0.077472,0.575969,2
0.896242,1.644326,1
0.623932,0.601076,1
0.790680,0.743417,1
0.713179,0.590997,1
0.440467,0.359761,1
0.765580,1.970325,4
1.214389,1.164822,1
0.416347,1.947228,4
1.099473,1.674246,2
1.755578,1.596731,1
1.875453,0.156210,4
1.589627,0.085500,2
0.684421,1.413515,2
1.722073,0.311859,2
1.542737,0.188968,2
0.455903,1.043002,4
0.493707,1.303304,1
1.981247,1.796663,3
1.017498,0.006022,4
1.015668,0.563511,4
0.473761,1.954493,4
0.575300,0.287266,2
1.240186,1.858677,2
1.089838,0.890596,4
0.365455,1.540268,2
0.812972,1.003971,4
1.943516,0.706941,4
1.429863,0.889611,2
0.312107,0.154855,1
0.020812,0.966495,3
0.992600,1.470619,4
1.428714,1.859821,2
1.369487,1.859741,2
0.578032,0.973662,3
1.142547,0.311939,1
1.518101,1.211909,2
1.468999,0.172205,1
1.057180,1.790619,3
1.500470,1.648238,1
0.041691,1.443036,4
0.063972,1.824488,4
1.553072,1.923073,1
0.925908,0.898056,3
0.861160,1.543892,1
1.165768,1.062046,3
1.275727,0.363562,1
0.201353,1.548142,2
1.324016,0.329566,1
0.105011,1.609164,2
0.541728,1.325081,2
0.863575,0.176238,3
1.629615,0.959222,4
0.770680,0.075449,3
1.512520,1.150723,2
1.383962,0.245494,1
0.099468,1.338010,1
0.852377,1.929063,4
0.545241,1.325353,2
0.114875,0.296667,1
1.398522,0.157704,1
1.711101,1.613447,1
1.534869,1.640901,1
0.420183,1.943584,4
1.129307,0.833364,4
1.359997,0.354748,1
0.534185,0.767440,1
0.602268,0.535917,1
0.535669,0.480151,2
0.297458,1.198278,1
0.862764,0.890004,3
0.280503,1.787385,2
0.764363,0.800362,1
0.768505,1.156593,2
0.163915,1.025383,4
1.510605,1.541442,1
0.470064,1.540468,2
0.201583,1.376230,1
0.888707,0.026678,3
1.888489,0.275703,4
1.258917,0.774445,2
0.171486,0.710208,2
0.576978,1.153652,2
1.056401,1.923938,3
0.126542,0.087172,3
0.536958,0.798134,1
0.759365,1.607790,1
0.434456,0.746036,2
0.519051,0.437215,2
0.489462,0.631112,2
0.447344,0.215228,1
0.594511,1.766896,1
0.380101,0.091864,1
0.532410,1.563335,1
1.849431,0.717567,1
1.831883,1.344735,2
0.989097,0.380728,3
1.846749,0.215554,4
1.046265,0.403023,4
0.942296,0.726429,3
0.392754,0.783218,2
1.484644,1.331871,1
1.923726,1.523036,1
1.592593,1.744396,1
1.783081,1.273479,2
1.529530,0.751912,1
0.807396,1.989414,4
1.011132,1.204196,3
1.340525,0.547910,2
0.397378,1.676559,2
1.080535,1.024830,3
0.398958,1.202246,1
0.354541,0.670795,2
1.201579,0.352897,1
1.452148,1.193432,1
1.772894,1.823238,1
0.087518,1.635470,2
1.628229,1.280331,2
0.862964,0.640191,1
0.656860,0.910108,1
0.798984,1.262755,2
1.392807,0.540638,2
1.548249,0.118383,2
1.316683,1.069955,3
0.651218,1.518729,1
0.621012,1.628533,1
1.993676,1.844956,3
1.802532,0.142838,4
1.924756,0.159045,4
0.546513,0.919830,1
1.643594,0.240958,2
1.772281,0.505806,1
0.101024,1.872938,4
1.093268,1.803582,3
0.540971,0.852452,1
0.490658,0.806638,2
1.145515,1.488128,1
0.776645,1.780382,1
1.416272,0.791229,2
0.253436,1.283478,1
0.196604,0.471906,1
0.354233,1.413965,1
1.117427,0.091148,4
0.651633,0.001080,3
1.933000,1.991426,3
0.112767,1.045803,4
0.852677,1.363691,2
0.806575,1.457430,2
0.859933,0.479193,2
1.830135,1.243730,2
0.262741,1.747494,2
0.658407,1.440724,2
1.077845,1.823296,3
1.886790,1.923023,3
1.818108,1.978527,3
0.566175,1.379203,2
1.997054,0.391670,4
1.556416,1.642244,1
0.693447,0.283291,2
0.093518,0.752399,3
0.632155,0.109246,2
0.852378,0.094388,3
0.824436,0.917294,3
0.992487,0.442838,3
0.189754,0.481757,1
0.698717,1.543635,1
1.734598,0.775100,1
1.328429,0.401605,1
0.685708,1.305724,2
0.744526,1.967040,4
1.555784,0.839230,1
0.148216,1.074609,4
1.476569,0.389855,1
1.599940,1.272622,2
0.005521,0.238937,3
1.033492,1.817339,3
1.876155,0.741152,1
0.563746,0.120971,2
0.836464,1.107390,4
1.762909,0.394234,2
1.668928,1.953526,3
0.493076,1.714288,2
1.117418,0.707782,2
1.567994,0.294583,2
1.199030,1.039845,3
0.283595,1.596771,2
1.427953,1.108292,1
1.627870,1.950311,3
0.912350,0.043504,3
0.211582,0.659864,2
1.292106,0.730632,2
1.460199,1.140009,1
0.851822,1.264486,2
1.762556,1.298687,2
0.232356,1.636779,2
1.855100,1.813604,3
1.753366,0.621012,1
1.845784,0.923781,4
1.473132,1.895059,2
1.615443,0.729719,1
1.438096,0.582018,2
1.994584,1.541715,3
1.789541,1.442008,2
0.262568,1.110725,4
0.035882,1.469281,4
0.963368,0.380501,3
1.788909,0.602246,1
1.501070,1.266713,2
1.145422,1.951022,3
0.174283,1.155872,4
0.768479,0.205753,2
1.425373,1.154552,1
0.860111,1.058123,4
0.492178,0.289356,1
0.483843,1.938705,2
0.188130,0.427352,1
0.623375,0.613248,1
0.769564,1.076933,4
0.470657,1.544596,2
1.679796,1.678281,1
1.480795,0.844093,2
0.201376,1.000958,4
1.249206,1.502580,2
1.438496,0.934840,2
0.299799,1.540983,2
0.729990,1.381622,2
0.913467,0.895568,3
0.744736,1.277824,2
0.038006,0.222027,3
1.018776,1.027672,3
0.307738,1.481248,1
1.686193,1.570026,1
0.234206,1.474830,1
1.095196,1.672747,2
1.198023,1.095055,3
0.935473,0.048303,3
0.330547,1.889387,2
1.811548,1.809801,1
0.996833,1.063954,4
1.261530,0.724717,2
0.527900,0.821389,1
1.438199,1.297373,1
0.029066,1.392840,4
1.415312,0.550373,2
1.063402,0.914952,4
0.970693,1.374192,4
0.144486,0.718249,2
0.640968,1.445309,2
0.385100,0.976795,3
1.474633,1.478949,1
1.182155,0.659713,2
0.601423,0.849864,1
0.955250,0.951252,3
0.847992,1.413881,2
0.545569,0.744014,1
0.591724,1.296727,2
1.733442,1.676651,1
0.364206,0.253182,1
0.214610,0.611349,2
0.279925,1.085570,4
1.027359,1.541480,3
0.311862,0.859683,2
1.454551,1.720605,2
1.545263,0.266165,2
1.634600,1.631077,1
1.683102,1.999258,3
1.208995,0.389271,1
1.313513,1.435402,1
0.396032,1.815234,2
0.707954,0.886716,1
1.042955,0.288876,4
1.772636,0.448578,2
0.163381,0.339153,1
1.764447,0.840227,1
1.136301,1.065133,3
1.488733,1.327920,1
0.986746,0.682633,3
0.442476,0.798174,2
0.241581,1.621312,2
1.029238,1.221526,3
0.086628,0.592668,2
0.630583,1.884464,1
1.762244,0.179515,2
1.588525,1.851882,1
0.602457,1.380184,2
1.069600,0.728230,4
0.905424,1.783422,4
0.741147,1.784164,1
0.955020,1.484723,4
1.369267,1.820282,2
0.043837,0.097371,3
1.304318,1.170377,1
0.088497,0.029978,3
1.312589,1.189962,1
1.418567,1.184380,1
0.847482,0.326208,2
0.546691,0.495160,2
0.150782,0.137951,3
1.341613,1.883927,2
1.405469,0.641528,2
1.045181,1.893354,3
0.504409,0.703759,1
0.187551,1.269685,1
1.147176,0.615701,2
0.083278,0.820849,3
1.612766,0.871483,1
0.387547,0.722982,2
0.533412,0.735632,1
1.489359,0.960855,4
0.900534,0.227367,3
0.813028,1.504705,1
1.381714,1.103606,1
1.386825,0.206881,1
0.999858,1.462125,4
0.482029,0.946907,3
0.185949,1.125974,4
1.562529,1.721581,1
1.924960,1.131091,3
0.568087,1.443143,2
1.770986,1.558806,1
1.539434,0.837379,1
1.201185,1.070926,3
0.862860,1.768228,4
0.203015,0.783867,2
1.852468,1.319438,2
1.619348,1.278884,2
1.151445,0.291011,1
1.441094,1.061220,1
0.615387,0.906622,1
0.933284,1.642607,4
0.270727,0.877419,2
0.281380,0.626781,2
1.846394,1.571513,1
1.374731,1.180236,1
1.113621,0.456399,1
1.435967,0.012566,4
1.627580,1.171607,2
1.822576,1.045379,3
1.370113,0.614008,2
1.559506,1.235236,2
1.064567,1.428430,1
0.370241,1.515066,2
1.915082,1.223286,3
0.406438,1.163859,1
0.703402,1.396199,2
0.005697,1.701360,4
1.372350,0.841035,2
1.131947,0.905356,4
1.696289,0.438218,2
1.337913,1.704210,2
1.317915,0.067378,4
1.547185,0.166871,2
0.122284,0.088057,3
1.623564,1.432821,2
1.732143,1.933032,3
0.138314,0.846202,3
0.451261,1.844497,2
1.250641,0.206154,1
1.468604,0.698513,2
0.454998,1.026960,4
0.294124,0.197475,1
1.677388,1.178603,2
0.043954,0.705548,3
1.541476,1.309706,2
1.173390,1.763533,2
0.445886,0.447603,1
0.514667,0.119578,2
0.756612,1.460852,2
1.906207,1.329036,2
1.469879,0.893063,2
0.245105,1.481041,1
0.351444,1.863650,2
1.790916,1.518250,1
0.676988,1.913153,4
0.938107,1.189890,4
1.009975,0.959739,4
0.774404,1.780024,1
1.239678,0.761572,2
1.142531,1.029739,3
1.504475,1.579779,1
1.908643,0.305509,4
1.178538,1.673340,2
1.285999,0.677500,2
0.740926,1.469197,2
0.323052,1.276670,1
0.610487,0.017464,3
0.020202,1.579628,4
1.584313,1.251767,2
1.620596,1.851142,1
0.209783,0.780377,2
0.582602,0.679841,1
0.392793,1.996822,4
0.126843,0.860061,3
0.095712,0.336551,1
1.691117,1.563272,1
1.181157,0.390196,1
1.413798,0.054703,4
0.030868,1.985484,4
1.882736,1.712689,1
1.909854,0.246506,4
0.765743,0.515735,1
1.171412,0.671245,2
1.045036,1.405734,3
0.133153,0.533690,2
1.126316,0.937807,4
1.999428,1.965694,3
1.155177,1.922858,3
1.606945,0.829938,1
0.618445,0.420079,2
1.328264,1.716866,2
1.574866,0.072552,2
0.791534,1.089653,4
1.649670,1.378890,2
0.449551,0.367645,1
1.647687,0.481078,2
1.825830,1.595389,1
1.138155,1.513445,2
1.926683,1.174373,3
1.963948,1.408723,3
0.279633,1.639077,2
0.962257,0.097772,3
0.588015,1.763768,1
0.455607,0.628773,2
0.781163,0.729301,1
1.636540,1.592547,1
0.155950,1.148207,4
0.978230,1.116142,4
0.836523,0.280740,2
1.488866,0.591314,2
0.834539,1.784016,1
1.217215,0.393315,1
1.914800,0.570445,1
0.000252,1.262947,4
1.390585,0.450427,1
0.293870,1.459783,1
0.462792,1.496024,1
1.742164,0.149451,2
0.595854,0.635941,1
0.472625,1.050727,4
1.559932,0.114004,2
0.658078,0.344182,2
0.336362,1.124560,1
1.772038,1.548944,1
0.477910,1.984816,4
1.914270,1.851670,3
0.402263,0.586948,2
0.976858,1.942038,4
0.435577,0.209808,1
0.009327,1.959480,4
1.667164,1.323813,2
1.607727,1.103681,2
1.557623,0.449990,2
1.230812,0.799988,2
0.885046,0.610000,1
1.577541,0.954504,4
1.289322,0.226149,1
0.310028,1.595530,2
1.271775,0.424861,1
0.423903,0.336732,1
0.978587,1.414067,4
1.884745,1.225163,3
0.344680,1.547751,2
0.060206,1.102304,4
0.463699,1.108184,1
0.131102,0.867126,3
1.674822,0.973726,4
0.437108,0.469259,1
0.774345,1.123175,4
0.316153,1.508941,2
0.971096,1.166184,4
1.009962,0.339334,4
1.999792,0.997305,4
0.195420,0.600446,2
1.217836,1.983015,3
0.914707,0.189594,3
0.786440,0.156508,3
0.877337,1.669637,1
0.921079,1.282492,4
0.596204,0.560878,1
0.918391,0.632459,1
1.175307,0.439803,1
1.840081,0.499308,2
0.941335,1.586442,4
0.279253,0.541023,2
0.739397,1.176112,2
1.197755,0.951094,4
0.895754,0.689065,1
0.888905,0.350818,2
0.758894,0.849167,1
1.781906,1.539740,1
0.266456,0.496806,1
1.114339,1.303624,1
1.068985,0.799570,4
0.446161,1.197100,1
0.231020,1.891237,4
0.892807,0.381246,2
0.960384,0.293502,3
1.144882,0.055097,4
0.955099,1.274672,4
0.100338,0.594978,2
0.740555,0.730158,1
1.791545,1.663617,1
1.839912,0.949184,4
1.355171,0.779834,2
1.008410,1.302482,3
1.704302,0.640423,1
1.573193,1.490872,2
1.917321,0.367757,2
0.925685,1.144485,4
1.588346,0.427589,2
0.030532,1.716442,4
1.571141,1.797304,1
1.288000,1.875815,2
0.156823,1.704174,2
1.101804,0.004157,4
0.428954,1.321635,1
0.985820,0.080420,3
1.212741,1.329535,1
1.671005,0.922270,4
0.086842,1.378208,1
1.941987,1.220638,3
0.283639,0.887248,2
1.731471,0.982467,4
1.461849,0.807068,2
1.500932,1.283831,2
0.245704,0.845926,2
1.484478,0.597089,2
1.528463,1.880981,1
0.339310,0.149777,1
0.535485,1.161430,2
0.060326,1.479113,1
0.004164,0.687506,3
0.827457,0.104637,3
1.918363,0.592391,1
0.656466,0.461509,2
1.251057,0.813970,2
0.656060,0.070703,3
0.285791,1.495752,1
0.346998,1.007594,4
1.703239,0.227546,2
1.556623,0.372051,2
0.152642,0.899966,3
0.537111,1.348394,2
1.172270,0.183062,4
1.521013,0.361875,2
1.848559,1.543538,1
1.774380,1.849171,1
1.508121,1.279613,2
1.026774,1.013110,3
0.643823,1.405070,2
0.606457,0.252730,2
1.196275,1.626549,2
0.470191,0.978253,3
1.218208,0.495110,1
1.899695,0.297830,4
1.399806,1.191185,1
0.180221,1.809995,2
0.799198,0.646125,1
1.715364,0.577186,1
0.420117,0.037676,3
0.347362,0.889248,2
0.028448,0.042494,3
1.762818,1.413686,2
0.392330,0.228956,1
1.792097,0.199772,2
1.666865,0.306779,2
1.605533,0.659650,1
1.154478,0.134815,4
0.321098,1.102720,1
0.233590,1.115365,4
0.673626,0.852696,1
0.746694,1.516278,1
1.936070,1.813901,3
0.041674,1.256748,4
0.167140,0.615218,2
1.161890,0.178231,4
1.964492,1.877914,3
0.807855,0.010264,3
1.231186,1.488437,1
1.696793,0.692104,1
0.616891,1.958354,4
0.841583,1.300554,2
1.860853,0.415199,2
1.584156,0.742047,1
0.170356,1.852821,4
0.640494,1.751237,1
0.094842,0.540184,2
0.588889,1.418235,2
0.620331,1.939668,4
0.620661,1.278111,2
0.449517,1.365252,1
1.145861,0.438618,1
1.385069,0.342239,1
0.726618,1.612711,1
0.494554,1.046147,4
1.275181,0.664582,2
0.785872,0.400171,2
1.360828,0.823418,2
1.091428,0.394403,1
0.070486,1.012970,4
1.847241,1.149588,3
1.661994,0.214719,2
1.739012,1.633887,1
0.602195,0.047463,3
0.054199,1.385584,4
1.856112,1.825328,3
0.611268,1.883872,1
0.159333,0.292122,1
1.804453,1.458031,2
0.961040,0.213560,3
1.142633,1.503676,2
0.232428,1.580605,2
1.483202,1.067081,1
0.957276,1.805281,4
0.100038,0.732854,3
0.820408,1.327556,2
0.192166,1.041307,4
0.849636,1.323183,2
0.149791,0.391889,1
0.667716,1.310492,2
1.850523,1.185794,3
0.315443,0.582708,2
0.168991,1.041349,4
1.902492,0.370399,2
1.874765,1.250076,3
0.459846,1.325586,1
0.990334,0.798184,3
1.740046,0.832801,1
0.619701,0.223108,2
0.109057,0.401319,1
0.505142,0.838916,1
1.746374,0.170554,2
1.176605,0.033977,4
1.817713,0.725109,1
1.396934,1.228453,1
1.954933,1.119368,3
1.813174,0.242794,2
0.007534,0.024731,3
0.701961,1.777126,1
1.250310,0.435897,1
0.742510,0.363632,2
1.539746,0.356742,2
1.995687,1.718113,3
1.368134,1.278855,1
0.917854,0.362844,2
0.533078,0.740902,1
1.246350,1.547360,2
1.678887,0.713092,1
1.489168,0.912535,2
1.631824,1.939646,3
0.622361,1.692588,1
0.377609,1.899613,2
0.461017,0.887112,2
0.383423,0.752574,2
1.684902,1.543760,1
1.995078,0.053225,4
1.325945,0.906371,2
1.900369,0.769088,4
1.617023,0.363935,2
1.849049,0.606345,1
1.435059,1.580184,2
0.603164,1.596371,1
0.874998,0.207280,3
0.335184,0.921732,3
1.491963,0.448417,1
1.885505,1.837247,3
1.381784,0.614216,2
1.338199,0.497908,1
1.234342,1.223341,1
0.090706,0.433639,1
0.243579,0.397102,1
1.885194,0.585286,1
0.827297,0.392699,2
1.922725,0.159102,4
1.505990,0.409795,2
0.975718,0.005510,3
1.688949,0.524224,1
1.342971,0.725605,2
1.734403,1.739699,1
0.370518,0.891522,2
0.329815,0.311440,1
0.727273,1.595331,1
0.117693,1.576397,2
0.447586,1.796268,2
0.228977,0.627190,2
1.914339,0.899046,4
1.438204,1.056874,3
1.277851,1.946898,3
1.377571,0.656451,2
1.824581,1.158997,3
1.362730,1.300618,1
0.932459,0.629972,3
1.361219,0.509595,2
1.786285,0.781815,1
0.712819,1.909548,4
0.930541,0.054771,3
0.607786,0.504970,1
1.957612,0.876528,4
1.470740,0.933202,2
1.982098,0.357892,4
0.564512,1.895609,1
0.688801,1.238651,2
0.921127,0.091007,3
0.589057,1.836783,1
1.921519,1.537052,1
0.598614,1.725675,1
1.235292,1.352458,1
1.775004,1.393683,2
1.112220,1.843224,3
1.236608,1.380200,1
1.210324,0.298688,1
1.282119,0.454256,1
0.872459,1.379374,2
0.538951,1.766835,1
0.698845,0.973627,3
0.133800,0.175828,3
0.703562,1.661438,1
0.310917,0.985589,3
1.444040,1.046075,3
1.754526,1.892589,3
1.679518,1.562239,1
1.717061,0.227753,2
0.207137,1.990917,4
0.056414,1.870507,4
0.396162,0.904723,2
1.502758,0.067374,2
0.820555,0.220073,2
1.547782,1.810414,1
0.667112,0.782054,1
1.612077,0.081989,2
1.306433,1.365344,1
1.569500,1.423624,2
1.797891,1.213792,2
0.922502,0.514163,1
1.692453,1.064281,3
0.949550,0.727023,3
1.050910,1.518617,3
1.392595,1.192033,1
0.370924,0.044594,3
1.690179,1.369587,2
0.023210,0.375542,3
1.756549,1.011591,3
0.672370,0.926628,3
0.840236,0.232927,2
0.344016,1.228603,1
0.876146,1.209109,4
1.745440,1.899819,3
1.243309,1.889817,3
1.826616,1.333753,2
0.090166,1.008083,4
1.726897,1.488088,2
1.884970,0.673761,1
1.613143,1.346617,2
1.409218,1.139278,1
0.410838,0.600122,2
0.900302,1.850294,4
0.578779,1.147994,2
1.107272,0.568415,2
1.923810,1.621235,1
0.133281,0.663151,2
1.016043,1.656092,3
1.355799,0.331564,1
0.291167,1.608890,2
1.760708,0.696823,1
1.251371,1.587096,2
0.624364,0.600479,1
0.190076,1.538161,2
0.317407,0.650876,2
1.432340,0.051984,4
0.962492,0.085718,3
0.426064,0.271186,1
1.568309,0.053905,4
0.053579,1.690813,4
0.242089,1.951808,4
1.097166,0.390629,1
0.292579,1.995878,4
0.438968,1.483250,1
1.516284,1.157694,2
0.407153,0.763234,2
1.709494,1.428740,2
0.389548,1.069058,1
1.213785,0.093263,4
1.666645,1.334485,2
0.079757,0.420077,1
0.537487,1.834457,1
1.580231,1.418661,2
1.469832,0.785380,2
0.913031,0.244503,3
0.978446,1.985490,4
1.900322,1.024151,3
0.672105,1.028147,4
0.293708,0.461895,1
0.988140,0.325929,3
0.495965,0.421015,1
0.524734,1.396328,2
0.921578,1.478239,2
0.305952,0.715091,2
0.267440,0.224170,1
0.439614,1.092776,1
1.586349,0.516140,1
0.221736,1.078119,4
1.219057,1.841320,2
1.946060,1.522185,1
1.333668,1.676846,2
1.359695,1.626561,2
0.020419,0.045576,3
0.240214,0.984292,3
1.991359,1.296520,3
1.526786,1.834372,1
1.303809,0.547702,2
0.177812,1.513409,2
0.585262,1.382496,2
0.021134,0.525591,3
0.785562,0.794670,1
0.830018,0.661906,1
0.610603,1.435685,2
1.600169,0.115342,2
1.355832,0.015770,4
1.372759,0.284530,1
0.103851,1.347485,1
0.700419,0.824039,1
0.887933,0.575028,1
0.643041,1.931785,4
1.034295,0.353435,4
0.303019,1.936434,4
0.610574,1.348488,2
0.513666,1.826438,1
0.008053,0.106970,3
1.946972,1.196570,3
0.778868,0.971805,3
1.760868,1.574777,1
0.553507,0.657445,1
0.960575,0.900488,3
0.215060,1.214846,1
0.189500,0.263211,1
0.683961,0.660069,1
1.240681,1.345677,1
1.497849,1.846159,2
1.671078,0.961881,4
0.014721,1.666205,4
0.363594,1.162230,1
0.417804,0.420343,1
1.076637,0.282922,4
0.495086,1.076366,1
1.095790,0.937325,4
0.669470,1.773192,1
0.877845,0.179161,3
0.477212,1.391121,1
1.972075,0.183565,4
1.280250,1.435338,1
0.618990,1.128842,2
1.144866,1.195038,3
0.048185,0.923021,3
1.334850,1.688647,2
0.762572,1.909264,4
1.876121,0.309846,2
1.692924,0.151566,2
1.576455,0.339810,2
0.313696,1.094984,1
0.180703,1.884622,4
0.852689,1.665953,1
0.720745,1.221645,2
1.384287,1.836316,2
0.651873,0.809938,1
1.239750,1.881027,3
0.310733,0.882820,2
0.173799,1.662481,2
0.143342,1.180103,4
0.680217,0.045133,3
0.309634,0.315837,1
0.531286,1.487801,2
1.627998,0.099216,2
0.290901,1.058352,4
0.159703,1.599440,2
0.660581,0.141962,2
1.166151,1.659877,2
0.379927,1.209731,1
1.337835,0.814588,2
0.884935,0.940082,3
0.609556,0.399621,2
1.383242,1.621646,2
1.405109,1.846914,2
0.122081,0.283348,1
0.651064,0.804367,1
1.421489,1.087070,1
0.324723,0.852893,2
1.823005,1.072692,3
0.483232,1.336069,1
0.275315,0.307623,1
1.829448,1.732280,1
0.892508,0.595605,1
1.303072,1.193441,1
0.084462,1.273120,4
0.222003,1.625363,2
1.304512,0.030046,4
1.139891,1.356983,1
0.398271,1.977783,4
0.874477,0.956597,3
0.098717,0.273125,3
0.471041,1.656110,2
0.893838,0.932059,3
1.228991,1.694930,2
0.436159,1.309628,1
1.278462,0.253506,1
1.550635,0.355730,2
0.990350,1.756151,4
1.406287,0.672467,2
1.409578,1.137834,1
1.503109,1.451482,2
1.879684,0.246436,4
1.513126,0.467065,2
1.571182,1.238138,2
0.147233,0.354349,1
1.309020,1.942876,3
1.206582,1.420674,1
1.900320,1.702577,3
0.133803,0.688812,2
0.189493,1.625979,2
0.300204,0.812170,2
1.799770,1.746303,1
0.137508,1.962039,4
1.387128,0.454949,1
1.226926,0.471377,1
0.563111,1.833082,1
1.699445,0.968874,4
1.053945,1.078435,3
0.750664,0.942972,3
1.719899,1.708328,1
1.251120,0.961630,4
0.749507,1.059036,4
1.999907,0.174627,4
0.661164,0.444579,2
0.709101,1.462780,2
1.570841,0.739076,1
1.575256,1.668290,1
1.112531,1.272298,3
1.932530,1.257227,3
1.131627,1.853791,3
1.095899,1.091892,3
1.137547,0.722749,2
0.191806,1.599567,2
1.403958,1.453986,1
1.870644,0.833746,4
1.546342,0.591428,1
0.509044,0.256559,2
0.370887,1.265427,1
0.467997,0.992726,3
0.272068,1.821386,2
0.885185,0.847551,3
1.865985,0.194672,4
1.583035,1.005550,3
0.290412,1.252127,1
0.704530,1.485771,2
1.669086,1.979878,3
0.269254,0.097625,3
0.900919,1.018103,4
1.938477,1.136367,3
1.441789,1.876791,2
0.250446,0.110792,3
1.416251,1.112320,1
1.338421,0.053156,4
0.325182,0.963403,3
0.486134,0.535601,2
0.730736,1.725386,1
0.932495,1.075896,4
0.569524,0.694557,1
0.021569,0.303168,3
0.358913,0.544285,2
0.822546,1.811259,4
0.757492,1.563071,1
0.998091,0.774588,3
1.131288,0.142262,4
1.615317,0.038313,4
0.599117,1.597522,1
0.453887,0.834863,2
1.012349,0.637378,4
0.282453,0.000019,3
0.646212,1.522908,1
0.697708,1.284002,2
0.079206,0.435352,1
0.445779,0.669872,2
1.806844,0.459802,2
0.475892,0.227358,1
0.354693,1.609454,2
1.779169,1.334524,2
0.714631,0.210701,2
0.745079,1.615590,1
0.135501,1.599121,2
0.457668,1.368075,1
0.188467,0.943535,3
1.821578,1.344417,2
1.074525,0.049862,4
0.118149,1.540427,2
1.062832,1.074777,3
1.589307,1.491593,2
1.813664,1.736014,1
1.130178,1.609029,2
1.427734,0.214067,1
0.333377,0.866966,2
0.412111,1.063878,1
1.888941,1.694750,1
0.553939,1.561925,1
0.832243,1.252400,2
0.564895,0.643441,1
1.971042,0.631168,4
1.811688,1.339123,2
1.037666,0.688765,4
1.415823,0.301220,1
0.125824,1.756849,4
0.733255,1.991829,4
1.783448,1.433015,2
0.781109,0.991340,3
1.167199,1.397065,1
0.509076,0.135773,2
0.662728,1.519412,1
1.126177,1.092724,3
1.294432,1.924769,3
0.770697,0.613589,1
1.546908,0.630696,1
0.813161,0.446372,2
1.580421,0.704833,1
0.243653,1.991898,4
0.942575,0.686350,3
0.157863,1.500775,2
0.656722,0.534523,1
1.465728,1.603720,2
1.367343,1.519879,2
0.585035,1.911626,1
0.923020,0.194529,3
0.261815,0.170375,1
1.093338,1.251331,3
0.367530,0.655710,2
1.761239,1.963302,3
0.126299,1.604994,2
1.415300,0.483958,1
1.198648,1.384884,1
1.313711,0.665175,2
1.624035,0.438129,2
1.897911,1.604309,1
0.650897,0.200952,2
0.891360,1.380827,2
0.374086,0.290806,1
0.950141,0.846460,3
0.105803,1.538353,2
1.588267,0.806827,1
1.654064,0.611003,1
1.624280,1.892924,1
1.911984,0.103582,4
1.636530,1.943898,3
0.460377,1.227286,1
1.534610,1.322781,2
0.507301,1.168693,2
0.686340,1.446497,2
1.394918,1.922955,2
1.378751,0.694771,2
0.789072,0.675941,1
0.869970,1.684566,1
0.206863,1.314983,1
0.628436,0.245680,2
1.265281,0.941144,4
1.294095,0.407959,1
0.534737,1.365071,2
0.405308,0.838253,2
1.009381,1.276208,3
1.190300,0.185473,1
1.288455,1.412781,1
1.496367,0.250740,1
0.846144,0.326728,2
1.828026,1.971532,3
0.584474,1.980566,4
0.933761,1.250290,4
1.366817,0.547455,2
1.536165,1.986397,3
0.410553,1.169266,1
0.933349,1.971443,4
1.004163,0.734268,4
1.549074,0.680252,1
0.759357,0.353969,2
0.257037,1.157154,1
1.322209,1.399295,1
1.827712,0.781265,1
0.378604,1.818481,2
1.448507,0.616411,2
1.983323,0.574899,4
1.253306,0.099261,4
0.406381,1.990118,4
0.803698,0.262206,2
1.714345,0.780622,1
0.196195,0.748788,2
0.984142,0.350872,3
1.831315,1.276934,2
1.161741,0.184278,4
1.741764,1.421743,2
1.639855,0.987499,4
1.286725,0.436365,1
1.773881,1.540178,1
0.868502,0.086014,3
1.862008,1.657042,1
1.180938,1.449324,1
1.278374,1.861219,2
1.456593,0.066202,1
1.713319,1.074409,3
1.759682,0.079794,4
0.201165,1.072885,4
1.749917,0.444239,2
0.974653,0.404223,3
0.429878,0.269602,1
0.372694,1.190128,1
1.112309,0.155622,4
1.043964,1.537031,3
1.464344,1.609176,2
0.684863,1.120544,2
1.009010,1.316838,3
1.162313,1.552759,2
0.449873,0.717132,2
1.655696,1.359126,2
0.026798,1.721075,4
1.238026,1.717343,2
0.681759,0.935151,3
1.671384,1.227636,2
1.200752,1.342184,1
1.728350,1.160472,2
1.590303,1.769880,1
0.229959,1.742189,2
1.585015,0.542554,1
1.483403,0.823352,2
0.011635,1.005554,4
0.341698,1.258821,1
1.749702,1.374795,2
0.830106,1.067877,4
0.917145,1.776751,4
0.371139,0.421847,1
0.878041,1.746786,4
0.227479,0.323169,1
0.291093,0.844907,2
0.944986,1.414248,4
1.087684,1.754207,3
1.421181,0.426878,1
0.625278,0.116686,2
0.817573,0.389023,2
0.292541,1.977434,4
0.498932,0.016794,3
0.744943,0.001979,3
1.779623,0.334831,2
0.643864,0.783608,1
1.824847,0.519282,1
1.071363,1.586854,2
1.866980,0.925402,4
1.744859,1.424469,2
0.574345,1.723456,1
0.739729,1.386743,2
1.183052,0.973104,4
0.286429,1.141810,1
0.419811,1.531052,2
1.636886,0.170780,2
1.497589,1.366022,1
0.953255,0.650167,3
1.668420,1.752970,1
0.257317,0.273309,1
0.882624,0.151017,3
1.220493,1.347838,1
0.855853,0.042654,3
1.742141,1.262173,2
1.032256,1.095780,3
0.012857,0.758058,3
1.762020,1.496479,2
0.801830,0.765391,1
0.426619,1.919820,2
1.658937,0.488866,2
0.505984,1.738550,1
0.726045,1.720905,1
0.742119,1.431963,2
1.283053,0.620238,2
0.619010,0.235015,2
1.848511,1.467166,2
1.138328,0.331317,1
0.917801,1.994854,4
1.132155,0.829673,4
1.265627,1.131530,1
1.296973,0.302713,1
0.522524,0.299742,2
1.630455,0.727671,1
0.629015,1.480541,2
1.555744,1.211525,2
0.627519,0.460404,2
0.123529,0.259434,1
1.400922,0.800997,2
0.457070,0.731565,2
0.759602,1.058622,4
1.313833,0.148380,1
1.294427,0.695590,2
1.095692,0.565193,2
0.558893,1.637847,1
0.908490,1.985043,4
1.112292,0.075699,4
0.500334,0.794383,1
0.611245,0.714233,1
0.219329,0.000795,3
0.207899,1.984727,4
0.179905,1.486840,1
1.284157,1.849308,2
0.888937,0.082454,3
1.988332,1.089872,3
1.235867,1.446050,1
0.634456,0.097931,2
0.442305,1.835958,2
0.784356,1.593809,1
1.587285,0.986808,4
1.326076,0.524588,2
1.824529,0.053868,4
1.268370,0.798602,2
1.718976,1.541170,1
0.907162,0.584879,1
1.178664,1.838025,3
0.651180,0.283006,2
0.934933,1.178512,4
1.571176,1.997156,3
1.367392,0.018770,4
0.592600,1.447471,2
1.661582,1.865881,1
0.402904,1.163178,1
1.530689,1.934068,1
0.024240,0.922680,3
1.512739,0.231523,2
0.608022,0.233326,2
0.990613,1.951287,4
1.209675,0.954256,4
0.743238,0.519224,1
1.087937,0.847182,4
1.432428,0.936162,2
0.878280,1.537808,1
1.775628,1.811547,1
1.092453,0.773197,4
0.893384,1.647618,1
1.783686,1.019189,3
1.332312,0.419388,1
1.170978,0.092877,4
0.536634,0.652692,1
0.680180,1.867655,1
1.838597,0.835222,4
1.626059,1.289081,2
0.470131,1.742184,2
1.942462,1.365204,3
1.818581,0.144625,4
0.139232,0.197934,3
0.223233,1.464380,1
1.685930,0.147710,2
0.341193,1.494063,1
1.007851,1.130544,3
1.444380,0.615837,2
0.098881,0.147387,3
0.567804,0.628391,1
1.200678,1.795820,2
0.473624,0.656284,2
1.570789,1.844015,1
1.319211,1.387986,1
0.890152,1.461777,2
0.374858,1.818774,2
0.632297,1.962937,4
1.457199,0.759027,2
1.122445,0.605500,2
0.268191,1.869513,2
0.602094,0.524150,1
1.391938,1.785512,2
1.912801,0.796990,4
1.894438,0.381407,2
1.228559,0.513192,2
1.259993,0.704933,2
0.090141,0.067123,3
0.169159,1.222395,1
1.552445,1.277828,2
1.512238,0.373288,2
0.055369,1.675077,4
1.798255,1.828929,1
0.082812,0.429355,1
1.047359,0.829053,4
0.704171,1.710778,1
1.219994,1.858491,3
1.558526,0.202562,2
0.721580,0.845066,1
1.707193,0.147634,2
0.878706,1.202515,4
0.828085,0.585651,1
0.635029,0.496018,2
1.242489,1.452115,1
0.817145,0.200443,2
1.754847,0.392272,2
0.095104,1.954199,4
1.743075,0.263893,2
0.186336,0.854228,3
0.095150,0.837618,3
0.992603,0.040968,3
0.642984,0.140076,2
0.684310,0.218910,2
1.571890,1.089706,2
0.576788,0.175465,2
1.505014,0.023686,4
0.987176,0.539050,3
1.931578,0.091958,4
1.896675,0.324104,2
0.586820,0.729245,1
0.907413,1.909669,4
0.848584,1.520294,1
1.776195,0.418033,2
0.818809,1.164604,4
1.450449,1.534385,2
0.448011,0.447041,1
1.905802,1.190019,3
1.117114,1.764177,3
1.234375,1.699198,2
0.267265,0.877104,2
1.245181,1.723489,2
1.402007,0.615951,2
0.814978,1.125179,4
0.252217,1.223010,1
1.756571,1.088075,3
1.035648,0.119046,4
0.952426,0.887543,3
1.552850,0.129354,2
1.391733,1.507128,2
1.236368,0.342812,1
1.537904,0.483094,2
1.515489,0.626805,1
0.480887,0.290938,1
0.339496,1.375229,1
0.467641,1.766966,2
0.121701,0.879735,3
0.608925,1.915247,1
0.594100,0.541248,1
1.561891,0.287024,2
1.589860,0.586221,1
1.125339,0.178960,4
0.193376,1.436411,1
0.138895,1.081806,4
0.528508,1.627224,1
1.796081,0.340485,2
0.796149,1.761610,1
0.334737,0.327774,1
0.774480,1.868583,4
0.518991,0.477669,2
1.601777,1.533358,1
1.450166,1.168897,1
1.161160,0.599557,2
0.619530,1.795900,1
0.168408,0.967752,3
0.604398,1.395882,2
0.353451,1.962240,4
0.241358,0.242904,1
0.210973,1.265013,1
0.777027,0.453448,2
0.681909,1.834971,1
1.949517,0.266999,4
0.089367,0.880308,3
1.821987,0.490865,2
1.424044,1.331767,1
1.528398,1.471491,2
0.599577,0.453340,2
1.560685,0.052758,4
0.572397,0.845125,1
1.599645,0.568182,1
1.261660,1.153628,1
0.051097,1.677141,4
0.803631,1.533598,1
0.901876,0.185123,3
0.343086,0.915188,2
0.720854,1.447122,2
1.653671,1.032689,3
1.918021,1.785148,3
1.001138,1.574818,3
0.662316,1.836191,1
0.966013,1.227330,4
0.432792,1.075365,1
1.470062,0.644855,2
0.244361,1.845458,2
0.105267,1.231616,4
1.423076,0.081081,1
1.936810,0.859101,4
1.599766,0.423708,2
0.387000,1.791189,2
0.147479,0.174613,3
1.608627,1.304398,2
0.846187,1.918277,4
1.535468,0.954688,4
1.452341,0.649710,2
0.650316,1.933379,4
